industry_domain,job_count,percentage_of_jobs,avg_annual_salary
www.click2apply.net,533,1.6,78203.66
jobs.smartrecruiters.com,466,1.4,91609.82
click.appcast.io,447,1.34,88226.24
boards.greenhouse.io,385,1.16,142914.47
recruiting.ultipro.com,351,1.06,75518.2
www.aplitrak.com,264,0.79,86359.4
recruiting2.ultipro.com,256,0.77,91280.27
rr.jobsyn.org,241,0.72,71581.17
careers.hcahealthcare.com,229,0.69,89145.49
jsv3.recruitics.com,218,0.66,113480.86
sjobs.brassring.com,208,0.63,71355.25
www.ayahealthcare.com,191,0.57,71353.04
jobs.jobvite.com,186,0.56,82306.51
workforcenow.adp.com,185,0.56,81852.99
jobs.lever.co,155,0.47,117277.84
recruiting.adp.com,145,0.44,76721.49
www.amazon.jobs,132,0.4,144170.59
www2.pcrecruiter.net,131,0.39,58357.55
jobot.com,128,0.39,2797356.56
www.fusionmedstaff.com,124,0.37,
careers.google.com,107,0.32,192560.75
ars2.equest.com,102,0.31,128795.34
www.trioptushealth.com,101,0.3,104747.2
workwithus.circlek.com,100,0.3,34528.0
jobs.trinity-health.org,98,0.29,96869.07
themomproject.com,98,0.29,97885.94
us232.dayforcehcm.com,97,0.29,10036386.04
careers.hyatt.com,85,0.26,57735.2
careers.petco.com,85,0.26,72443.08
www.hosthealthcare.com,82,0.25,99857.76
raisingcanes.jibeapply.com,81,0.24,33722.96
www.paycomonline.net,79,0.24,58280.53
careers.boozallen.com,76,0.23,114325.34
phf.tbe.taleo.net,75,0.23,95651.08
careers-aimbridge.icims.com,74,0.22,62657.21
jobs.rossstores.com,73,0.22,42580.15
careers.maximstaffing.com,68,0.2,75251.67
www.governmentjobs.com,68,0.2,81288.46
www.adzuna.com,67,0.2,67674.0
apply.workable.com,65,0.2,125093.53
careers.7-eleven.com,65,0.2,
www.calcareers.ca.gov,65,0.2,83986.43
www.advantismed.com,64,0.19,
careers.ulta.com,62,0.19,38510.33
jobs.gecareers.com,57,0.17,119950.34
phe.tbe.taleo.net,57,0.17,67753.69
careers.honeywell.com,56,0.17,116735.71
careers.rtx.com,54,0.16,139192.31
us231.dayforcehcm.com,54,0.16,41980.99
wd3.myworkdaysite.com,54,0.16,52177.5
careers.aspendental.com,50,0.15,82473.75
genesys.wd1.myworkdayjobs.com,50,0.15,
careers.riteaid.com,49,0.15,
jobs.andersgroup.org,48,0.14,
bridgestone.wd5.myworkdayjobs.com,47,0.14,58748.6
phg.tbe.taleo.net,47,0.14,87984.0
usa.applybe.com,46,0.14,104728.18
www.usajobs.gov,46,0.14,44659.19
jobs.tenethealth.com,45,0.14,116608.27
www.w3global.com,45,0.14,70000.0
jobs.silkroad.com,43,0.13,111459.47
jobs.spectrum.com,43,0.13,
nyu.contacthr.com,43,0.13,92731.33
cdkglobal.contacthr.com,42,0.13,31375.5
claires.wd12.myworkdayjobs.com,42,0.13,
recruiting.paylocity.com,42,0.13,58983.33
jobs.jedunn.com,41,0.12,
lifecarecareers.hcshiring.com,41,0.12,59696.0
dsg.contacthr.com,40,0.12,42062.22
careers.cushmanwakefield.com,39,0.12,109023.75
fa-evfm-saasfaprod1.fa.ocs.oraclecloud.com,39,0.12,
rsm.wd1.myworkdayjobs.com,39,0.12,125202.94
app.greenhouse.io,38,0.11,153629.2
careers-primehealthcare.icims.com,37,0.11,77175.8
partners.taleo.net,37,0.11,265000.0
app.jobvite.com,36,0.11,94426.18
careers.truist.com,36,0.11,
comcast.contacthr.com,36,0.11,114530.24
jci.wd5.myworkdayjobs.com,36,0.11,50500.0
grupobimbo.csod.com,35,0.11,70898.7
pioneerhealthcare.my.salesforce-sites.com,35,0.11,
recruitingbypaycor.com,35,0.11,100236.0
belk.wd1.myworkdayjobs.com,34,0.1,
careers.blackbaud.com,34,0.1,138530.88
careers.fivestarseniorliving.com,34,0.1,
adventisthealthcare.wd1.myworkdayjobs.com,33,0.1,
groundwarehousejobs.fedex.com,33,0.1,36795.2
jobs.cisco.com,33,0.1,201528.79
westrockta.avature.net,33,0.1,40404.0
careers.fedex.com,32,0.1,49593.43
jobs.wizehire.com,32,0.1,83580.0
careers.peacehealth.org,31,0.09,67383.53
jobs.republicservices.com,31,0.09,56659.2
jobs.talemetry.com,31,0.09,76460.24
usfoods.wd1.myworkdayjobs.com,31,0.09,81670.53
careers.mastercard.com,30,0.09,157047.62
careers.pipercompanies.com,30,0.09,103235.0
jobs.cardinalhealth.com,30,0.09,92211.07
jobs.farmersinsurance.com,30,0.09,37648.0
myjobs.adp.com,30,0.09,50366.76
talent.lowes.com,30,0.09,35464.0
tnl2.jometer.com,30,0.09,69760.24
astrazeneca.wd3.myworkdayjobs.com,29,0.09,129500.0
careers.basspro.com,29,0.09,42172.0
jobs.bilh.org,29,0.09,
www.randstadusa.com,29,0.09,97029.1
careers.guitarcenter.com,28,0.08,58834.24
careers.onemedical.com,28,0.08,150506.6
careers.wholefoodsmarket.com,28,0.08,41693.6
humanainc.contacthr.com,28,0.08,120216.67
jobs.apploi.com,28,0.08,44249.03
www.datafrenzy.com,28,0.08,90000.0
careers.mercy.net,27,0.08,
careers.mountsinai.org,27,0.08,82203.66
careers.shands.ufl.edu,27,0.08,
jobs.factoryfix.com,27,0.08,64332.98
jobs.greystar.com,27,0.08,55786.2
www.applicantpro.com,27,0.08,71153.55
www.ayalocums.com,27,0.08,131840.0
www.nationalstaff.com,27,0.08,
careers.labcorp.com,26,0.08,52427.63
careers.learningcaregroup.com,26,0.08,57500.0
careers.leidos.com,26,0.08,110716.67
careers.marshmclennan.com,26,0.08,156165.45
corporatecareers-aus.icims.com,26,0.08,82891.43
jobs.exeloncorp.com,26,0.08,
ohiohealth.wd5.myworkdayjobs.com,26,0.08,
app.loxo.co,25,0.08,60866.2
erm.wd3.myworkdayjobs.com,25,0.08,59713.5
nva.avature.net,25,0.08,
uic.csod.com,25,0.08,
www.hhccareers.org,25,0.08,
Comcast.contacthr.com,24,0.07,156913.17
app.eightfold.ai,24,0.07,114147.92
careers.kohls.com,24,0.07,
careers.tandymgroup.com,24,0.07,86250.0
jobs.advanceautoparts.com,24,0.07,
koch.avature.net,24,0.07,73116.0
www.amentumcareers.com,24,0.07,
www.healthcaresupport.com,24,0.07,86293.99
www.tesla.com,24,0.07,131217.78
careers.associaonline.com,23,0.07,56160.0
careers.paychex.com,23,0.07,78300.67
invitationhomes.wd1.myworkdayjobs.com,23,0.07,119254.41
jobs.nscorp.com,23,0.07,70553.6
ukjobs.uky.edu,23,0.07,95776.66
www.advanceautoparts.jobs,23,0.07,
www.crossover.com,23,0.07,
www.spencersandspiritjobs.com,23,0.07,50242.4
careers.lululemon.com,22,0.07,54768.0
ecwl.fa.us2.oraclecloud.com,22,0.07,
fourseasons.wd3.myworkdayjobs.com,22,0.07,85000.0
salesforce.wd12.myworkdayjobs.com,22,0.07,177858.33
www.aptrack.co,22,0.07,93656.0
www.vcacareers.com,22,0.07,45892.8
www1.jobdiva.com,22,0.07,120715.4
careers.bankofamerica.com,21,0.06,99440.0
careers.mta.org,21,0.06,107934.33
careers.thrivepetcare.com,21,0.06,67386.67
css-pennstatehealth-prd.inforcloudsuite.com,21,0.06,
elastic.ongig.com,21,0.06,111345.0
eofd.fa.us6.oraclecloud.com,21,0.06,108658.0
ferguson.wd1.myworkdayjobs.com,21,0.06,49413.8
motionrecruitment.com,21,0.06,
retailus-eddiebauer-sparcgroup.icims.com,21,0.06,33280.0
careers.vmware.com,20,0.06,
ctmc.contingenttalentmanagement.com,20,0.06,63970.4
hcog.fa.em2.oraclecloud.com,20,0.06,74940.0
hilton.taleo.net,20,0.06,92625.0
iheartmedia.wd5.myworkdayjobs.com,20,0.06,123500.0
jobs.altec.com,20,0.06,68500.0
pm.healthcaresource.com,20,0.06,
rrhs.wd5.myworkdayjobs.com,20,0.06,
www.jobs-ups.com,20,0.06,
www.talent.com,20,0.06,179122.33
careers-lowesfoods.icims.com,19,0.06,
careers.nychhc.org,19,0.06,
guidehouse.wd1.myworkdayjobs.com,19,0.06,130141.67
wd1.myworkdaysite.com,19,0.06,70707.68
www.doccafe.com,19,0.06,240373.5
alcon.wd5.myworkdayjobs.com,18,0.05,150200.0
amat.wd1.myworkdayjobs.com,18,0.05,105062.67
careers.christushealth.org,18,0.05,75000.0
careers.cokeonena.com,18,0.05,45504.62
careers.snowflake.com,18,0.05,178013.89
jobs.wisc.edu,18,0.05,42200.0
jobs.xpo.com,18,0.05,99113.6
micron.eightfold.ai,18,0.05,182300.0
multicare.wd1.myworkdayjobs.com,18,0.05,70239.35
wellspancareers.hctsportals.com,18,0.05,
www.cityofhopejobs.org,18,0.05,84240.0
allyon.my.salesforce-sites.com,17,0.05,
calibercollision.wd1.myworkdayjobs.com,17,0.05,39520.0
careers-ptsolutions.icims.com,17,0.05,63536.11
careers.spglobal.com,17,0.05,96232.81
erecruit.umsystem.edu,17,0.05,48811.96
fmrllc.contacthr.com,17,0.05,103800.0
globaleur231.dayforcehcm.com,17,0.05,140000.0
jobs.centene.com,17,0.05,
jobs.firstcitizens.com,17,0.05,95935.7
jobs.gsk.com,17,0.05,
livenation.wd1.myworkdayjobs.com,17,0.05,56162.58
sharp.wd1.myworkdayjobs.com,17,0.05,
vumc.wd1.myworkdayjobs.com,17,0.05,
wgu.wd5.myworkdayjobs.com,17,0.05,117961.76
www.volunteermatch.org,17,0.05,
aggreko.wd3.myworkdayjobs.com,16,0.05,75000.0
careers-uuhc.icims.com,16,0.05,
careers.t-mobile.com,16,0.05,94110.0
careers.topgolf.com,16,0.05,
careers.wipro.com,16,0.05,
field-tmxfinancefamily.icims.com,16,0.05,
flextronics.wd1.myworkdayjobs.com,16,0.05,179550.0
ibm.contacthr.com,16,0.05,133787.5
jobs-heb.icims.com,16,0.05,
jobs.unchealthcare.org,16,0.05,53577.33
nexstar.wd5.myworkdayjobs.com,16,0.05,135000.0
pfizer.wd1.myworkdayjobs.com,16,0.05,101360.7
plantemoran.avature.net,16,0.05,
regalrexnord.wd1.myworkdayjobs.com,16,0.05,90431.25
www.locumtenens.com,16,0.05,
www.vsoftconsulting.com,16,0.05,
careers-coraltreehospitality.icims.com,15,0.05,37440.0
careers.jbhunt.com,15,0.05,58982.86
careers.mclaren.org,15,0.05,
careers.trccompanies.com,15,0.05,45760.0
careers.victoriassecret.com,15,0.05,54928.52
jobs.apple.com,15,0.05,205561.11
ms.taleo.net,15,0.05,96671.43
okstate.csod.com,15,0.05,
www.applitrack.com,15,0.05,
www.creativecircle.com,15,0.05,83142.67
www.jobs.net,15,0.05,26520.0
xjobs.brassring.com,15,0.05,64480.0
airliquidehr.wd3.myworkdayjobs.com,14,0.04,40560.0
apptrkr.com,14,0.04,73741.05
boards.eu.greenhouse.io,14,0.04,70100.0
careers-imperialdade.icims.com,14,0.04,
careers.bathandbodyworks.com,14,0.04,
careers.elior-na.com,14,0.04,35360.0
careers.hprod.onehcm.usg.edu,14,0.04,76091.99
careers.ihg.com,14,0.04,
careers.ltimindtree.com,14,0.04,
careers.merrick.com,14,0.04,99464.29
carislifesciences.wd1.myworkdayjobs.com,14,0.04,79166.67
chenega.jibeapply.com,14,0.04,140400.0
csdautismservices.clearcompany.com,14,0.04,46240.0
jobdetails.nestle.com,14,0.04,99408.51
jobs.canfor.com,14,0.04,
kiewitcareers.kiewit.com,14,0.04,
phh.tbe.taleo.net,14,0.04,85000.63
sbdinc.wd1.myworkdayjobs.com,14,0.04,
www.hospitalityonline.com,14,0.04,37497.2
www.judge.com,14,0.04,105543.68
www.rocketlabusa.com,14,0.04,
careers-atwell.icims.com,13,0.04,88690.0
careers-govcio.icims.com,13,0.04,107269.23
careers.catalent.com,13,0.04,
careers.crowe.com,13,0.04,110860.6
careers.hpe.com,13,0.04,199584.62
careers.stanfordhealthcare.org,13,0.04,116332.51
careers.unitypoint.org,13,0.04,
ehzq.fa.us2.oraclecloud.com,13,0.04,
fa-erwh-saasfaprod1.fa.ocs.oraclecloud.com,13,0.04,79378.0
ppg.referrals.selectminds.com,13,0.04,55000.0
raymondjames.taleo.net,13,0.04,
sprouts.jibeapply.com,13,0.04,52654.28
textron.taleo.net,13,0.04,
uva.wd1.myworkdayjobs.com,13,0.04,72267.0
www.paycomdfw.net,13,0.04,
www2.jobdiva.com,13,0.04,100880.0
avi-foodsystems.jobs.net,12,0.04,
careers-lhs.icims.com,12,0.04,
careers.cbre.com,12,0.04,94999.84
careers.dollartree.com,12,0.04,
careers.fisglobal.com,12,0.04,
cellainc.com,12,0.04,85470.62
dcacareers-dentalcarealliance.icims.com,12,0.04,
eatingrecoverycenter.clearcompany.com,12,0.04,96395.0
illinois.csod.com,12,0.04,
integritushealthcare.jobs.net,12,0.04,
jobs.davidsbridal.com,12,0.04,
jobs.gainwelltechnologies.com,12,0.04,78372.73
nshorehc.hcshiring.com,12,0.04,60788.0
oshkoshcorporation.wd5.myworkdayjobs.com,12,0.04,
progressive.taleo.net,12,0.04,69810.91
provenrecruiting.com,12,0.04,130480.0
retail-forever21-sparcgroup.icims.com,12,0.04,
rush.igreentree.com,12,0.04,
srsdistribution.wd1.myworkdayjobs.com,12,0.04,
stanford.taleo.net,12,0.04,118765.45
sunlife.wd3.myworkdayjobs.com,12,0.04,114431.25
wvumedicine.wd1.myworkdayjobs.com,12,0.04,
www.cybercoders.com,12,0.04,169375.0
zhi.mua.hrdepartment.com,12,0.04,
aarcorp.taleo.net,11,0.03,
agilent.wd5.myworkdayjobs.com,11,0.03,131893.0
app.firstchoicehiring.com,11,0.03,81450.0
bobsdf.wd1.myworkdayjobs.com,11,0.03,35089.6
bu.silkroad.com,11,0.03,68050.0
careers.ageility.com,11,0.03,
careers.caci.com,11,0.03,128337.5
careers.colasjobs.com,11,0.03,
careers.conagrabrands.com,11,0.03,61973.6
careers.db.com,11,0.03,125468.75
careers.jonusgroup.com,11,0.03,75330.0
careers.nationalgeneral.com,11,0.03,40209.09
careers.peopleclick.com,11,0.03,89109.87
careers.prismahealth.org,11,0.03,
careers.tapestry.com,11,0.03,67607.47
ccsd.taleo.net,11,0.03,
corporate.oreillyauto.com,11,0.03,36920.0
ea.gr8people.com,11,0.03,126575.0
eeho.fa.us2.oraclecloud.com,11,0.03,93995.2
eklm.fa.us2.oraclecloud.com,11,0.03,90825.0
externalsp-spplus.icims.com,11,0.03,42592.5
gems.usf.edu,11,0.03,80750.0
genpt.wd1.myworkdayjobs.com,11,0.03,
hcqq.fa.us2.oraclecloud.com,11,0.03,99381.82
hospicecom.wd5.myworkdayjobs.com,11,0.03,52234.84
ibegin.tcs.com,11,0.03,
jobs.encoreglobal.com,11,0.03,
jobs.srg-us.com,11,0.03,42640.0
parsons.wd5.myworkdayjobs.com,11,0.03,119291.64
recruit.hirebridge.com,11,0.03,59660.0
usxpressdevelopment.csod.com,11,0.03,
wabtec.wd1.myworkdayjobs.com,11,0.03,103500.0
waynefarms.wd1.myworkdayjobs.com,11,0.03,
www.hitachienergy.com,11,0.03,
www.schwansjobs.com,11,0.03,47000.0
99only.jobinfo.com,10,0.03,
JPMorganChase.contacthr.com,10,0.03,
app.hireart.com,10,0.03,66835.0
belron.wd3.myworkdayjobs.com,10,0.03,76137.78
career5.successfactors.eu,10,0.03,77625.0
career8.successfactors.com,10,0.03,73750.0
careers-berryglobal.icims.com,10,0.03,
careers-duluthtrading.icims.com,10,0.03,36106.2
careers-odysseyconsult.icims.com,10,0.03,
careers-spa.icims.com,10,0.03,
careers.biglots.com,10,0.03,
careers.cognizant.com,10,0.03,
careers.datadoghq.com,10,0.03,174400.0
careers.express.com,10,0.03,50960.0
careers.freddiemac.com,10,0.03,121600.0
careers.gulfstream.com,10,0.03,
careers.iconplc.com,10,0.03,
careers.johnsonville.com,10,0.03,53265.33
careers.lifetime.life,10,0.03,84600.0
careers.pricechopper.com,10,0.03,
careers.tiktok.com,10,0.03,158055.79
careers.tranetechnologies.com,10,0.03,88387.5
cgi.njoyn.com,10,0.03,112816.67
dasstateoh.taleo.net,10,0.03,82887.63
ehxr.fa.us2.oraclecloud.com,10,0.03,
eimy.fa.us6.oraclecloud.com,10,0.03,
exactsciences.wd1.myworkdayjobs.com,10,0.03,130650.0
external-novanthealth.icims.com,10,0.03,
fieldjobs-hallmark.greatjob.net,10,0.03,27105.0
gilead.wd1.myworkdayjobs.com,10,0.03,212442.75
heequipment.wd5.myworkdayjobs.com,10,0.03,68196.8
holmanautogroup.wd1.myworkdayjobs.com,10,0.03,44720.0
jobs.ajg.com,10,0.03,
jobs.americanmedicalstaffing.com,10,0.03,119600.0
jobs.bechtel.com,10,0.03,137490.0
jobs.becn.com,10,0.03,
jobs.dish.com,10,0.03,78558.33
jobs.elcompanies.com,10,0.03,118275.0
jobs.hyde-ec.com,10,0.03,
jobs.internationalpaper.com,10,0.03,76608.5
jobs.nexteraenergy.com,10,0.03,127200.0
jobs.sap.com,10,0.03,231970.0
jobs.talbots.com,10,0.03,
kenvue.taleo.net,10,0.03,
leonardo-drs-inc.contactrh.com,10,0.03,
lplfinancial.wd1.myworkdayjobs.com,10,0.03,83960.48
mantech.wd1.myworkdayjobs.com,10,0.03,142916.67
medline.taleo.net,10,0.03,47320.0
motorolasolutions.wd5.myworkdayjobs.com,10,0.03,
non-corporate-acadiahealthcare.icims.com,10,0.03,62122.67
proassurance.wd5.myworkdayjobs.com,10,0.03,106813.59
recruit.zoho.com,10,0.03,75215.0
secure.dc4.pageuppeople.com,10,0.03,
usenglish-ul.icims.com,10,0.03,108750.0
utaustin.wd1.myworkdayjobs.com,10,0.03,77000.0
wd5.myworkdaysite.com,10,0.03,134247.2
whitecapsearch.com,10,0.03,
www.24seventalent.com,10,0.03,203334.88
www.addisongroup.com,10,0.03,53560.0
www.schooljobs.com,10,0.03,
ankura.wd5.myworkdayjobs.com,9,0.03,85000.0
bcbsaz.wd1.myworkdayjobs.com,9,0.03,
candidateportal.ceipal.com,9,0.03,149136.0
careers-greyco.icims.com,9,0.03,
careers.alvarezandmarsal.com,9,0.03,136500.0
careers.amd.com,9,0.03,
careers.boydgroup.com,9,0.03,57960.0
careers.bsmhealth.org,9,0.03,
careers.delawarenorth.com,9,0.03,52000.0
careers.dhl.com,9,0.03,
careers.essilorluxottica.com,9,0.03,
careers.iherb.com,9,0.03,175850.0
careers.pagethink.com,9,0.03,
careers.sparrow.org,9,0.03,
careers.tailoredbrands.com,9,0.03,
deluxe.wd5.myworkdayjobs.com,9,0.03,
doctors-petvetcarecenters.icims.com,9,0.03,148750.0
dow.wd1.myworkdayjobs.com,9,0.03,
elara.wd5.myworkdayjobs.com,9,0.03,28171.0
gartner.wd5.myworkdayjobs.com,9,0.03,78762.5
hdiy.fa.us2.oraclecloud.com,9,0.03,30201.6
huntington-careers.com,9,0.03,42640.0
jcrew.wd1.myworkdayjobs.com,9,0.03,53172.18
jobs-hss.icims.com,9,0.03,183263.0
jobs.adidas-group.com,9,0.03,60559.2
jobs.ashbyhq.com,9,0.03,182500.0
jobs.crelate.com,9,0.03,130000.0
jobs.danfoss.com,9,0.03,
jobs.optistaffing.com,9,0.03,52520.0
jobs.ourcareerpages.com,9,0.03,57720.0
jobs.pinnacle1.com,9,0.03,100660.0
jobs.ssmhealth.com,9,0.03,
jobs.vnshealth.org,9,0.03,95081.24
munichre-jobs.com,9,0.03,96923.5
pnc.contacthr.com,9,0.03,55120.0
prd01-hcm01.prd.mykronos.com,9,0.03,74802.0
tle-careers.careerplug.com,9,0.03,35417.78
transamerica.wd5.myworkdayjobs.com,9,0.03,75916.67
uscareers-fujifilm.icims.com,9,0.03,141000.0
vivint.wd5.myworkdayjobs.com,9,0.03,55000.0
www.appone.com,9,0.03,61930.0
www.besmith.com,9,0.03,167500.0
www.capstone.jobs,9,0.03,
www.coinbase.com,9,0.03,190550.0
www.hhcareers.com,9,0.03,71063.2
www.mchire.com,9,0.03,24960.0
www.revelit.com,9,0.03,
www.serenityhealthcare.com,9,0.03,41773.33
www.zimmerbiomet.com,9,0.03,
ad.doubleclick.net,8,0.02,45042.4
ally.avature.net,8,0.02,
archildrens.dejobs.org,8,0.02,
aspirebakeriescareers.com,8,0.02,
bpinternational.wd3.myworkdayjobs.com,8,0.02,
broadcom.wd1.myworkdayjobs.com,8,0.02,95645.5
careers-agapecare.icims.com,8,0.02,
careers-carollo.icims.com,8,0.02,153300.0
careers-containerstore.icims.com,8,0.02,
careers-hanger.icims.com,8,0.02,73060.0
careers-sargentlundy.icims.com,8,0.02,
careers.crocs.com,8,0.02,57667.31
careers.davita.com,8,0.02,56200.0
careers.deere.com,8,0.02,
careers.goconfluent.com,8,0.02,57520.0
careers.hercrentals.com,8,0.02,
careers.northwestern.edu,8,0.02,44751.2
careers.olympusamerica.com,8,0.02,116563.67
careers.onepeloton.com,8,0.02,147450.0
careers.opentext.com,8,0.02,95000.0
careers.pella.com,8,0.02,65582.4
careers.stericycle.com,8,0.02,62500.0
careers.upmc.com,8,0.02,
covantaenergy.wd5.myworkdayjobs.com,8,0.02,
ebqb.fa.us2.oraclecloud.com,8,0.02,101039.6
edwards.wd5.myworkdayjobs.com,8,0.02,126833.33
eedu.fa.em3.oraclecloud.com,8,0.02,134000.0
eh2.com,8,0.02,154500.0
emcm.fa.us2.oraclecloud.com,8,0.02,40560.0
evoquedcs.applytojob.com,8,0.02,
fa-eowa-saasfaprod1.fa.ocs.oraclecloud.com,8,0.02,71011.2
jobs-choosememorial.icims.com,8,0.02,
jobs.chla.org,8,0.02,83598.86
jobs.corecivic.com,8,0.02,54500.0
jobs.danaher.com,8,0.02,110966.67
jobs.msgentertainment.com,8,0.02,
jobs.ornl.gov,8,0.02,
jobs.postholdings.com,8,0.02,
jobs.rbc.com,8,0.02,157500.0
nebraskamed.wd5.myworkdayjobs.com,8,0.02,
osv-enterprise.wd1.myworkdayjobs.com,8,0.02,44720.0
oxford.wd5.myworkdayjobs.com,8,0.02,82500.0
procasemanagement.wd1.myworkdayjobs.com,8,0.02,71933.33
rb.wd5.myworkdayjobs.com,8,0.02,123100.0
retail-brooks-sparcgroup.icims.com,8,0.02,37786.67
secure4.saashr.com,8,0.02,
statejobs.ny.gov,8,0.02,119878.5
verily.com,8,0.02,176250.0
workday.wd5.myworkdayjobs.com,8,0.02,146666.67
www.alliedonesource.com,8,0.02,88925.0
www.equipmentshare.com,8,0.02,
www.iqviamedicalsalescareers.com,8,0.02,74750.0
www.jobs.abbott,8,0.02,71242.0
www.jobs.virginia.gov,8,0.02,92101.54
www.lego.com,8,0.02,75704.53
akumincorp.wd5.myworkdayjobs.com,7,0.02,
autodesk.wd1.myworkdayjobs.com,7,0.02,175525.0
avient.referrals.selectminds.com,7,0.02,
barrywehmiller.wd1.myworkdayjobs.com,7,0.02,107500.0
bbinsurance.wd1.myworkdayjobs.com,7,0.02,
bmo.wd3.myworkdayjobs.com,7,0.02,52592.14
boydgroup.wd1.myworkdayjobs.com,7,0.02,69060.0
careers-audacy.icims.com,7,0.02,79999.75
careers-consoreng.icims.com,7,0.02,59900.0
careers-imacorp.icims.com,7,0.02,94750.0
careers-nadentalgroup.icims.com,7,0.02,
careers-oldnational.icims.com,7,0.02,
careers.akronchildrens.org,7,0.02,
careers.avanade.com,7,0.02,
careers.benevis.com,7,0.02,
careers.docusign.com,7,0.02,
careers.enlyte.com,7,0.02,93189.0
careers.kehe.com,7,0.02,43914.33
careers.lexmed.com,7,0.02,
careers.mitre.org,7,0.02,
careers.myeyedr.com,7,0.02,
careers.pandoragroup.com,7,0.02,
careers.pvh.com,7,0.02,66400.0
careers.servicenow.com,7,0.02,157100.0
careers.travelandleisureco.com,7,0.02,
careers.ukg.com,7,0.02,120189.5
careers.underarmour.com,7,0.02,55051.55
christianacare.wd5.myworkdayjobs.com,7,0.02,
costar.wd1.myworkdayjobs.com,7,0.02,131950.0
css-unitedtexas-prd.inforcloudsuite.com,7,0.02,
deckers.wd5.myworkdayjobs.com,7,0.02,
eevd.fa.us6.oraclecloud.com,7,0.02,120000.0
ejko.fa.us2.oraclecloud.com,7,0.02,
equitable.taleo.net,7,0.02,55500.0
ffres.wd1.myworkdayjobs.com,7,0.02,55663.0
haleyaldrich.csod.com,7,0.02,65750.0
jobs.atos.net,7,0.02,
jobs.bunge.com,7,0.02,
jobs.century-group.com,7,0.02,98825.71
jobs.engie.com,7,0.02,117130.0
jobs.globalpayments.com,7,0.02,55103.2
jobs.gxo.com,7,0.02,
jobs.lazerlogistics.com,7,0.02,
jobs.xcelenergy.com,7,0.02,90920.03
johnsonmirmiranthompson-openhire.silkroad.com,7,0.02,
kimberlyclark.wd1.myworkdayjobs.com,7,0.02,
lanl.jobs,7,0.02,87750.0
marmon.wd5.myworkdayjobs.com,7,0.02,43680.0
mnscareers-mastec.icims.com,7,0.02,52184.0
ngic.wd1.myworkdayjobs.com,7,0.02,37760.0
optioncare.wd1.myworkdayjobs.com,7,0.02,58955.58
pattersoncompanies.wd1.myworkdayjobs.com,7,0.02,
pc00.paycomonline.com,7,0.02,
regionalfinance.wd1.myworkdayjobs.com,7,0.02,
secure4.entertimeonline.com,7,0.02,
secure6.saashr.com,7,0.02,
sunbeltrentals.wd1.myworkdayjobs.com,7,0.02,52232.46
t3global.com,7,0.02,
tamus.wd1.myworkdayjobs.com,7,0.02,52500.0
tcenergy.wd3.myworkdayjobs.com,7,0.02,
uscareers-acuren.icims.com,7,0.02,
uta.peopleadmin.com,7,0.02,
vcuhealth.wd1.myworkdayjobs.com,7,0.02,
vwr.wd1.myworkdayjobs.com,7,0.02,60950.0
web.fountain.com,7,0.02,116600.0
www.capgemini.com,7,0.02,102072.0
www.foxcareers.com,7,0.02,69253.87
www.idr-inc.com,7,0.02,40560.0
www.lghealthjobs.org,7,0.02,
www.rwjbarnabashealthcareers.org,7,0.02,
BlackRock.contacthr.com,6,0.02,164437.5
PNC.contacthr.com,6,0.02,69890.0
alameda-health-system-careers.hctsportals.com,6,0.02,
app.careerpuck.com,6,0.02,152050.0
argonne.wd1.myworkdayjobs.com,6,0.02,
bethany.csod.com,6,0.02,
brunswick.wd1.myworkdayjobs.com,6,0.02,
career4.successfactors.com,6,0.02,50960.0
careers-axient.icims.com,6,0.02,
careers-bncollege.icims.com,6,0.02,
careers-ferrellgas.icims.com,6,0.02,
careers-newportacademy.icims.com,6,0.02,61602.4
careers-reisystems.icims.com,6,0.02,
careers.arcadis.com,6,0.02,88131.25
careers.chenmed.com,6,0.02,
careers.commercebank.com,6,0.02,
careers.dxc.com,6,0.02,120600.0
careers.niagarawater.com,6,0.02,114780.0
careers.phoenixchildrens.com,6,0.02,
careers.smbcgroup.com,6,0.02,113250.0
careers.southstatebank.com,6,0.02,
careers.straumann.com,6,0.02,112500.0
careers.synovus.com,6,0.02,
careers.thrivent.com,6,0.02,37440.0
careers.ugicorp.com,6,0.02,
careers.wbd.com,6,0.02,98140.5
careers.westpharma.com,6,0.02,
carefirstcareers.ttcportals.com,6,0.02,85769.0
cliftonlarsonallen.wd1.myworkdayjobs.com,6,0.02,65520.0
collabera.com,6,0.02,80717.87
csl.wd1.myworkdayjobs.com,6,0.02,
css-arvest-prd.inforcloudsuite.com,6,0.02,70891.48
css-benchmark-prd.inforcloudsuite.com,6,0.02,
drhorton.taleo.net,6,0.02,34320.0
dsp.prng.co,6,0.02,
ebenezer-fairview.icims.com,6,0.02,44757.44
ejhp.fa.us6.oraclecloud.com,6,0.02,46686.4
eluq.fa.us2.oraclecloud.com,6,0.02,
enbridge.wd3.myworkdayjobs.com,6,0.02,
extraspace.wd5.myworkdayjobs.com,6,0.02,
flagstar.wd5.myworkdayjobs.com,6,0.02,102100.0
flooranddecoroutlets.wd1.myworkdayjobs.com,6,0.02,46176.0
garverusa.com,6,0.02,
goodwillaz.wd1.myworkdayjobs.com,6,0.02,31200.0
gpshospitality.avature.net,6,0.02,
granite.wd1.myworkdayjobs.com,6,0.02,80423.0
hcsc.wd1.myworkdayjobs.com,6,0.02,
hdjq.fa.us2.oraclecloud.com,6,0.02,
henryford.referrals.selectminds.com,6,0.02,
ikea.avature.net,6,0.02,76048.32
inl.taleo.net,6,0.02,109197.0
job.schindler.com,6,0.02,
jobs-tollbrothers.icims.com,6,0.02,85000.0
jobs.bmc.org,6,0.02,
jobs.bnsf.com,6,0.02,89537.5
jobs.jeld-wen.com,6,0.02,91175.0
jobs.newyorklife.com,6,0.02,114875.0
jobs.rxo.com,6,0.02,
jobs.stsigroup.com,6,0.02,
jobs.thepalmergroup.com,6,0.02,
jobsearch.childrens.com,6,0.02,
methodisthealthsystem.wd1.myworkdayjobs.com,6,0.02,
michaels.wd5.myworkdayjobs.com,6,0.02,86351.0
ncr.wd1.myworkdayjobs.com,6,0.02,
neimanmarcus.referrals.selectminds.com,6,0.02,
nrel.wd5.myworkdayjobs.com,6,0.02,81116.67
nvidia.wd5.myworkdayjobs.com,6,0.02,246500.0
ouryahoo.wd5.myworkdayjobs.com,6,0.02,207776.67
perkinscoie.wd1.myworkdayjobs.com,6,0.02,220345.0
production-smithfield.icims.com,6,0.02,
purple.wd1.myworkdayjobs.com,6,0.02,89006.67
reynolds.tedk12.com,6,0.02,
saputo.wd5.myworkdayjobs.com,6,0.02,
scionstaffing.com,6,0.02,64883.33
signetjewelers.wd1.myworkdayjobs.com,6,0.02,76000.0
stars.wd1.myworkdayjobs.com,6,0.02,72998.6
talent.stjude.org,6,0.02,
topbuild.wd5.myworkdayjobs.com,6,0.02,46800.0
turnerconstruction.csod.com,6,0.02,
tysonfoods.wd5.myworkdayjobs.com,6,0.02,
vanguard.wd5.myworkdayjobs.com,6,0.02,
www-team-builders-com.filesusr.com,6,0.02,75613.33
www.atlascopcogroup.com,6,0.02,60892.0
www.careers.iberdrola.com,6,0.02,134125.0
www.careersatsfa.com,6,0.02,
www.civilservicejobs.service.gov.uk,6,0.02,
www.jobapscloud.com,6,0.02,
www.nescoresource.com,6,0.02,
www.osfcareers.org,6,0.02,74820.2
www.takedajobs.com,6,0.02,
www.vacasa.com,6,0.02,
ziplyfiber.zohorecruit.com,6,0.02,46485.83
aa224.taleo.net,5,0.02,47701.33
acehardware.wd1.myworkdayjobs.com,5,0.02,89433.0
aero.wd5.myworkdayjobs.com,5,0.02,
analogdevices.wd1.myworkdayjobs.com,5,0.02,129212.5
ascendion.com,5,0.02,119775.0
ats.comparably.com,5,0.02,93702.5
bannerhealth.wd5.myworkdayjobs.com,5,0.02,
bowheadcareers-uicalaska.icims.com,5,0.02,
careers-assuredpartners.icims.com,5,0.02,
careers-crawco.icims.com,5,0.02,
careers-dewberry.icims.com,5,0.02,123000.0
careers-evhc.icims.com,5,0.02,
careers-goldbelt.icims.com,5,0.02,108000.0
careers-keysight.icims.com,5,0.02,100767.5
careers-macny.icims.com,5,0.02,86300.0
careers-mdch.icims.com,5,0.02,71666.67
careers-pennymac.icims.com,5,0.02,71000.0
careers.abb,5,0.02,
careers.accor.com,5,0.02,
careers.aristocrat.com,5,0.02,49941.78
careers.dayzim.com,5,0.02,94233.33
careers.dominionenergy.com,5,0.02,
careers.ecuhealth.org,5,0.02,
careers.equifax.com,5,0.02,
careers.fcc-asrgroup.com,5,0.02,
careers.maac.com,5,0.02,39260.0
careers.mattr.com,5,0.02,
careers.oceaneering.com,5,0.02,
careers.pplweb.com,5,0.02,
careers.quidelortho.com,5,0.02,88450.0
careers.racetrac.com,5,0.02,
careers.regeneron.com,5,0.02,
careers.rushenterprises.com,5,0.02,60580.0
careers.selectmedical.com,5,0.02,76856.0
careers.soundphysicians.com,5,0.02,147500.0
careers.te.com,5,0.02,85000.0
careers.tuftsmedicine.org,5,0.02,
careers.unifiedwomenshealthcare.com,5,0.02,
careers.usbank.com,5,0.02,110818.5
careers.vectrus.com,5,0.02,70000.0
careers.zacharypiper.com,5,0.02,121250.0
chamberlain.wd1.myworkdayjobs.com,5,0.02,
chevron.wd5.myworkdayjobs.com,5,0.02,87600.0
covetrus.wd5.myworkdayjobs.com,5,0.02,43735.47
cribl.io,5,0.02,137275.0
davidyurman.wd1.myworkdayjobs.com,5,0.02,183750.0
dodgeconstructioncareers.ttcportals.com,5,0.02,120000.0
ebhu.fa.us2.oraclecloud.com,5,0.02,64760.0
ebtg.fa.us2.oraclecloud.com,5,0.02,
ecolab.contacthr.com,5,0.02,51000.0
ejia.fa.us6.oraclecloud.com,5,0.02,
eofe.fa.us2.oraclecloud.com,5,0.02,
equitylifestyleproperties.wd5.myworkdayjobs.com,5,0.02,
erhk.fa.us2.oraclecloud.com,5,0.02,
ffin.wd1.myworkdayjobs.com,5,0.02,
globalus231.dayforcehcm.com,5,0.02,88700.0
globalus232.dayforcehcm.com,5,0.02,89950.0
hcib.fa.us2.oraclecloud.com,5,0.02,110000.0
hdpn.fa.us6.oraclecloud.com,5,0.02,
herbalifecareers.ttcportals.com,5,0.02,86775.0
iberdrola.wd3.myworkdayjobs.com,5,0.02,101800.0
imh.wd5.myworkdayjobs.com,5,0.02,55153.8
integer.wd1.myworkdayjobs.com,5,0.02,
jobs-joevsmartshop.icims.com,5,0.02,
jobs.allcraftjobs.com,5,0.02,122500.0
jobs.aus.com,5,0.02,
jobs.ball.com,5,0.02,88969.4
jobs.boehringer-ingelheim.com,5,0.02,50960.0
jobs.caleres.com,5,0.02,
jobs.collectivehealth.com,5,0.02,80944.2
jobs.dana.com,5,0.02,
jobs.desertfinancial.com,5,0.02,
jobs.dsv.com,5,0.02,49725.0
jobs.goodyear.com,5,0.02,34320.0
jobs.grainger.com,5,0.02,
jobs.lincolnfinancial.com,5,0.02,84813.36
jobs.nationalgrid.com,5,0.02,111625.0
jobs.nd.edu,5,0.02,
jobs.paccar.com,5,0.02,102583.33
jobs.rwe.com,5,0.02,
jobs.untsystem.edu,5,0.02,
jobs.usnh.edu,5,0.02,
jobsatabraxas.org,5,0.02,
kronospan-candidate.talent-soft.com,5,0.02,
mattressfirm.wd1.myworkdayjobs.com,5,0.02,78500.0
mtb.wd5.myworkdayjobs.com,5,0.02,104345.03
musc.career-pages.com,5,0.02,
myhrabc.wd5.myworkdayjobs.com,5,0.02,102645.0
nabancard.wd1.myworkdayjobs.com,5,0.02,
ncnu.wd1.myworkdayjobs.com,5,0.02,98655.93
non-clinical-mednax.icims.com,5,0.02,
nwl.taleo.net,5,0.02,
pacificlife.wd1.myworkdayjobs.com,5,0.02,93430.72
paypal.eightfold.ai,5,0.02,154679.0
recruit.jefferson.edu,5,0.02,
redis.com,5,0.02,130500.0
retail-aero-sparcgroup.icims.com,5,0.02,
salasobrien.com,5,0.02,
savemart.csod.com,5,0.02,45056.27
sofi.com,5,0.02,135888.0
staff-emory.icims.com,5,0.02,
strongtie.wd1.myworkdayjobs.com,5,0.02,54755.0
teasdale-latin-foods.breezy.hr,5,0.02,83750.0
terminix.wd1.myworkdayjobs.com,5,0.02,63750.0
tti.wd1.myworkdayjobs.com,5,0.02,
valet.wd1.myworkdayjobs.com,5,0.02,50600.0
valmont.wd1.myworkdayjobs.com,5,0.02,
vetdocjobs.zohorecruit.com,5,0.02,
vhr-otsuka.wd1.myworkdayjobs.com,5,0.02,94590.0
westernalliancebank.wd5.myworkdayjobs.com,5,0.02,172001.5
wintrust.wd1.myworkdayjobs.com,5,0.02,90000.0
www.almacgroup.com,5,0.02,53286.67
www.charliehealth.com,5,0.02,112500.0
www.eyecare-partners.com,5,0.02,
www.fastly.com,5,0.02,144587.0
www.goodwinrecruiting.com,5,0.02,
www.houstonmethodistcareers.org,5,0.02,
www.natera.com,5,0.02,57200.0
www.pax8.com,5,0.02,
www.paycor.com,5,0.02,98277.0
www.perduecareers.com,5,0.02,
www.safebuilt.com,5,0.02,
www.wilsonelser.com,5,0.02,115625.0
www.xanterrajobs.com,5,0.02,
www.zoll.com,5,0.02,120000.0
www.zoominfo.com,5,0.02,146920.0
IBM.contacthr.com,4,0.01,172000.0
accruepartners.com,4,0.01,
advancedch.avature.net,4,0.01,
americanredcross.wd1.myworkdayjobs.com,4,0.01,
archgroup.wd1.myworkdayjobs.com,4,0.01,138150.0
artisantalent.com,4,0.01,103700.0
astrixinc.com,4,0.01,
ats.rippling.com,4,0.01,251041.67
austalusa.wd1.myworkdayjobs.com,4,0.01,
basf.jobs,4,0.01,51334.4
bch.tal.net,4,0.01,
bergelectric.taleo.net,4,0.01,120000.0
bmc.wd1.myworkdayjobs.com,4,0.01,
bostonpublicschools.tedk12.com,4,0.01,
broadridge.wd5.myworkdayjobs.com,4,0.01,155000.0
campbellsoup.wd5.myworkdayjobs.com,4,0.01,106835.0
careers-americold.icims.com,4,0.01,44096.0
careers-berkley.icims.com,4,0.01,95000.0
careers-essc.icims.com,4,0.01,55975.0
careers-gilbaneco.icims.com,4,0.01,77225.0
careers-heb.icims.com,4,0.01,
careers-homechef.icims.com,4,0.01,70833.33
careers-jobyaviation.icims.com,4,0.01,113761.33
careers-kleinfelder.icims.com,4,0.01,
careers-kloveair1.icims.com,4,0.01,
careers-nv5.icims.com,4,0.01,
careers-papersource.icims.com,4,0.01,
careers-realmanage.icims.com,4,0.01,46540.0
careers-sev1tech.icims.com,4,0.01,
careers-smiledirectclub.icims.com,4,0.01,
careers-smithfield.icims.com,4,0.01,88308.33
careers-tmh.icims.com,4,0.01,
careers-uti.icims.com,4,0.01,96500.0
careers-vanir.icims.com,4,0.01,136000.0
careers-versiti.icims.com,4,0.01,
careers.aam.com,4,0.01,
careers.ace.aaa.com,4,0.01,78865.73
careers.adobe.com,4,0.01,156657.5
careers.aleragroup.com,4,0.01,
careers.antechdiagnostics.com,4,0.01,114042.5
careers.ascensus.com,4,0.01,
careers.avalara.com,4,0.01,
careers.bankwithunited.com,4,0.01,
careers.calstate.edu,4,0.01,66178.38
careers.cardon.us,4,0.01,
careers.checkpoint.com,4,0.01,159200.0
careers.chiesi.com,4,0.01,
careers.cintas.com,4,0.01,
careers.coned.com,4,0.01,122500.0
careers.cyberark.com,4,0.01,83750.0
careers.dahlconsulting.com,4,0.01,50266.67
careers.dexcom.com,4,0.01,140187.5
careers.dwt.com,4,0.01,144596.53
careers.evidentscientific.com,4,0.01,
careers.fortive.com,4,0.01,119645.0
careers.gknaerospace.com,4,0.01,
careers.guthrie.org,4,0.01,38407.2
careers.hanes.com,4,0.01,60800.0
careers.healthfirst.org,4,0.01,
careers.huntingtoningalls.com,4,0.01,
careers.insight.com,4,0.01,89750.0
careers.intuitive.com,4,0.01,147925.0
careers.iuhealth.org,4,0.01,
careers.jsginc.com,4,0.01,
careers.kbr.com,4,0.01,
careers.konicaminoltaus.com,4,0.01,
careers.lamresearch.com,4,0.01,185166.67
careers.lyondellbasell.com,4,0.01,
careers.masteccommunicationsgroup.com,4,0.01,57200.0
careers.mckesson.com,4,0.01,135100.0
careers.mgmresorts.com,4,0.01,
careers.mwe.com,4,0.01,315000.0
careers.mwhs1.com,4,0.01,
careers.myrgroup.com,4,0.01,56250.0
careers.nature.org,4,0.01,68821.9
careers.navistar.com,4,0.01,
careers.norc.org,4,0.01,115420.85
careers.novonordisk.com,4,0.01,249785.0
careers.ochsner.org,4,0.01,
careers.paramount.com,4,0.01,91120.0
careers.pennmedicine.org,4,0.01,
careers.peopleclick.eu.com,4,0.01,195451.5
careers.pods.com,4,0.01,
careers.principal.com,4,0.01,89952.5
careers.qualcomm.com,4,0.01,178000.0
careers.rivian.com,4,0.01,132000.0
careers.rosewoodhotelgroup.com,4,0.01,78000.0
careers.sca.health,4,0.01,73780.0
careers.sertasimmons.com,4,0.01,177339.5
careers.siriusxm.com,4,0.01,224500.0
careers.springstone.com,4,0.01,
careers.steris.com,4,0.01,68563.0
careers.teleflex.com,4,0.01,
careers.tiaa.org,4,0.01,97741.85
careers.varsitybrands.com,4,0.01,
careers.viasat.com,4,0.01,200509.35
cccis.wd1.myworkdayjobs.com,4,0.01,
ccmcnet.clearcompany.com,4,0.01,
clinical-mednax.icims.com,4,0.01,
cognosante.wd1.myworkdayjobs.com,4,0.01,69391.71
conocophillips.wd1.myworkdayjobs.com,4,0.01,
cu.taleo.net,4,0.01,67923.17
draftkings.wd1.myworkdayjobs.com,4,0.01,106600.0
dtna.wd5.myworkdayjobs.com,4,0.01,96750.0
ecge.fa.us2.oraclecloud.com,4,0.01,123250.0
eglz.fa.us2.oraclecloud.com,4,0.01,115180.0
ehtl.fa.us6.oraclecloud.com,4,0.01,43680.0
epyc.fa.us2.oraclecloud.com,4,0.01,
fa-exty-saasfaprod1.fa.ocs.oraclecloud.com,4,0.01,
fiber.google.com,4,0.01,159000.0
flsmidth.wd3.myworkdayjobs.com,4,0.01,
gaig.wd1.myworkdayjobs.com,4,0.01,
generaldynamics-us-careers.ttcportals.com,4,0.01,
generalmotors.wd5.myworkdayjobs.com,4,0.01,
globalcareers-atlassian.icims.com,4,0.01,138300.0
greif.wd5.myworkdayjobs.com,4,0.01,
hcwp.fa.us2.oraclecloud.com,4,0.01,
hdr.taleo.net,4,0.01,
hire.myavionte.com,4,0.01,
hiretrue-prod.com,4,0.01,57151.92
iadbcareers.referrals.selectminds.com,4,0.01,
icumed.taleo.net,4,0.01,
inceed.com,4,0.01,86170.0
intelliapp.driverapponline.com,4,0.01,
jll.wd1.myworkdayjobs.com,4,0.01,89991.2
jobs-brasfieldgorrie.icims.com,4,0.01,
jobs.aon.com,4,0.01,114125.0
jobs.baesystems.com,4,0.01,150285.0
jobs.cargotec.com,4,0.01,
jobs.citi.com,4,0.01,146525.0
jobs.colgate.com,4,0.01,100606.25
jobs.concentrix.com,4,0.01,
jobs.constellationenergy.com,4,0.01,94462.5
jobs.cps4jobs.com,4,0.01,103333.33
jobs.dormanproducts.com,4,0.01,38480.0
jobs.eastman.com,4,0.01,
jobs.ghresources.com,4,0.01,30289.5
jobs.jbsfoodsgroup.com,4,0.01,
jobs.louisvuitton.com,4,0.01,
jobs.netflix.com,4,0.01,306333.33
jobs.richemont.com,4,0.01,160000.0
jobs.systemone.com,4,0.01,60320.0
jobs.thefreshmarket.com,4,0.01,
jobs.unfi.com,4,0.01,101662.6
jobs.usi.com,4,0.01,
kyndryl.wd5.myworkdayjobs.com,4,0.01,228705.0
legacycommunityhealth.hrmdirect.com,4,0.01,
leidosbiomed.csod.com,4,0.01,
managementcareers-bowlerocorp.icims.com,4,0.01,65055.0
mbg.com,4,0.01,
menasha.wd12.myworkdayjobs.com,4,0.01,
merlin.csod.com,4,0.01,70500.0
metcouncil.hrmdirect.com,4,0.01,47500.0
mosaic.wd5.myworkdayjobs.com,4,0.01,
mrgexams.thejobnetwork.com,4,0.01,
munters.wd3.myworkdayjobs.com,4,0.01,
mycareers.ocfl.net,4,0.01,58087.47
newport.zohorecruit.com,4,0.01,
nshs.wd1.myworkdayjobs.com,4,0.01,
ntst.wd1.myworkdayjobs.com,4,0.01,
nyulangone-openhire.silkroad.com,4,0.01,69076.11
oceanspray.wd5.myworkdayjobs.com,4,0.01,
patagonia.wd5.myworkdayjobs.com,4,0.01,69160.0
premiercandidate.ajnainside.com,4,0.01,135713.33
recrutement.fivesgroup.com,4,0.01,92441.5
reitmr.wd5.myworkdayjobs.com,4,0.01,48464.0
sanofi.wd3.myworkdayjobs.com,4,0.01,
serenityhealthcare.applytojob.com,4,0.01,
smartrecruiterstransactional.thejobnetwork.com,4,0.01,
southland.silkroad.com,4,0.01,62400.0
spectrumhs.atsondemand.com,4,0.01,
starbucks.taleo.net,4,0.01,
surgestaffing.recruitpro.com,4,0.01,
swarovski.wd3.myworkdayjobs.com,4,0.01,
thegiantcompany.careerswithus.com,4,0.01,
tribebuilders.teamtailor.com,4,0.01,64500.0
tvacareers.ttcportals.com,4,0.01,
umiami.wd1.myworkdayjobs.com,4,0.01,
uscareers-avispl.icims.com,4,0.01,
uscareers.snf.com,4,0.01,
usicinc.wd5.myworkdayjobs.com,4,0.01,
uvmhealth.wd1.myworkdayjobs.com,4,0.01,82524.0
vantagedc.wd1.myworkdayjobs.com,4,0.01,60000.0
veolianorthamerica.jobs.net,4,0.01,102960.0
vfc.wd5.myworkdayjobs.com,4,0.01,72300.0
wk.wd3.myworkdayjobs.com,4,0.01,122887.5
ww.wd1.myworkdayjobs.com,4,0.01,
www.asml.com,4,0.01,
www.carexconsulting.com,4,0.01,48880.0
www.netskope.com,4,0.01,
www.pepsicojobs.com,4,0.01,45760.0
www.skywatersearch.com,4,0.01,
www1.jobdiva.co.uk,4,0.01,
yum.ongig.com,4,0.01,121133.33
zelis.wd1.myworkdayjobs.com,4,0.01,
WestlakeChemicalCorp.contacthr.com,3,0.01,
about.nextdoor.com,3,0.01,207000.0
ae.taleo.net,3,0.01,
allegion.wd5.myworkdayjobs.com,3,0.01,96030.0
alliantenergy.wd1.myworkdayjobs.com,3,0.01,
ameren.wd1.myworkdayjobs.com,3,0.01,
americansystems.hua.hrsmart.com,3,0.01,91006.67
amfam.wd1.myworkdayjobs.com,3,0.01,90150.0
apply.checkers.com,3,0.01,
apply.jobadder.com,3,0.01,55120.0
apply.jobappnetwork.com,3,0.01,
apps2.winocular.com,3,0.01,65312.0
awholdings.isolvedhire.com,3,0.01,
bairdcareers.com,3,0.01,
baltimorecity.wd1.myworkdayjobs.com,3,0.01,109198.5
bjswholesaleclub.wd1.myworkdayjobs.com,3,0.01,
boomi.com,3,0.01,
brumitrestaurantgroup.thejobnetwork.com,3,0.01,
cadence.wd1.myworkdayjobs.com,3,0.01,169000.0
cambiahealth.wd1.myworkdayjobs.com,3,0.01,132250.0
career.electroluxgroup.com,3,0.01,
career2.successfactors.eu,3,0.01,
careers-altg.icims.com,3,0.01,52000.0
careers-americancreditacceptance.icims.com,3,0.01,
careers-americas.icims.com,3,0.01,200700.0
careers-capitalhealth.icims.com,3,0.01,
careers-cspire.icims.com,3,0.01,
careers-demant.icims.com,3,0.01,
careers-devereux.icims.com,3,0.01,71155.0
careers-eastwestbank.icims.com,3,0.01,62053.33
careers-ecumen.icims.com,3,0.01,
careers-evervetpartners.icims.com,3,0.01,
careers-federatedinsurance.icims.com,3,0.01,
careers-flatironcorp.icims.com,3,0.01,78233.33
careers-gdifamilyofbrands.icims.com,3,0.01,44800.0
careers-group1auto.icims.com,3,0.01,
careers-hargrove-epc.icims.com,3,0.01,
careers-idealimage.icims.com,3,0.01,
careers-internova.icims.com,3,0.01,
careers-istmanagement.icims.com,3,0.01,92286.67
careers-kapower.icims.com,3,0.01,
careers-mvetpartners.icims.com,3,0.01,34666.67
careers-myacuity.icims.com,3,0.01,
careers-nakupuna.icims.com,3,0.01,
careers-nfib.icims.com,3,0.01,135000.0
careers-novelis.icims.com,3,0.01,44720.0
careers-omnicomhealthgroup.icims.com,3,0.01,131583.33
careers-plymouthrock.icims.com,3,0.01,
careers-qinetiqus.icims.com,3,0.01,
careers-qpwblaw.icims.com,3,0.01,
careers-rpmliving.icims.com,3,0.01,
careers-rsandh.icims.com,3,0.01,
careers-sazerac.icims.com,3,0.01,72595.25
careers-sevenhills.icims.com,3,0.01,78000.0
careers-ssoe.icims.com,3,0.01,98666.67
careers-swca.icims.com,3,0.01,78911.73
careers-vhb.icims.com,3,0.01,
careers-waxie.icims.com,3,0.01,70195.6
careers-wleeflowers.icims.com,3,0.01,
careers.abcam.com,3,0.01,
careers.amtrak.com,3,0.01,126850.0
careers.andersencorp.com,3,0.01,
careers.anthc.org,3,0.01,
careers.arthrex.com,3,0.01,
careers.avaya.com,3,0.01,114025.0
careers.azenta.com,3,0.01,
careers.badgerinc.com,3,0.01,113000.0
careers.bakerhughes.com,3,0.01,
careers.bv.com,3,0.01,
careers.caterpillar.com,3,0.01,148290.0
careers.chewy.com,3,0.01,
careers.devonenergy.com,3,0.01,
careers.equinix.com,3,0.01,
careers.fairview.org,3,0.01,
careers.fubo.tv,3,0.01,121250.0
careers.gallo.com,3,0.01,112893.33
careers.gmr.net,3,0.01,58002.0
careers.goaptive.com,3,0.01,41253.33
careers.hilti.group,3,0.01,
careers.hmhco.com,3,0.01,162500.0
careers.idexx.com,3,0.01,64480.0
careers.impactmybiz.com,3,0.01,
careers.jbtc.com,3,0.01,
careers.langan.com,3,0.01,79500.0
careers.lennar.com,3,0.01,
careers.lilly.com,3,0.01,
careers.mix-talent.com,3,0.01,
careers.nfiindustries.com,3,0.01,
careers.pnnl.gov,3,0.01,124075.0
careers.regions.com,3,0.01,
careers.reynoldsconsumerproducts.com,3,0.01,
careers.strategichrinc.com,3,0.01,57200.0
careers.superiorambulance.com,3,0.01,
careers.technipfmc.com,3,0.01,
careers.tenable.com,3,0.01,144497.73
careers.tmarzetticompany.com,3,0.01,
careers.toyota.com,3,0.01,
careers.tql.com,3,0.01,
careers.united.com,3,0.01,
careers.uth.tmc.edu,3,0.01,
careers.vallen.com,3,0.01,
careers.vizientinc.com,3,0.01,92825.0
careers.vontier.com,3,0.01,
careersenus-itt-inc.icims.com,3,0.01,201825.0
careersus-maxlinear.icims.com,3,0.01,148879.17
cat.wd5.myworkdayjobs.com,3,0.01,179018.5
cgrcareerportal.com,3,0.01,
championx.contacthr.com,3,0.01,
choc.wd5.myworkdayjobs.com,3,0.01,107664.27
cibc.wd3.myworkdayjobs.com,3,0.01,
cls33.bullhornstaffing.com,3,0.01,
cna.wd1.myworkdayjobs.com,3,0.01,122333.33
cookchildrens.wd1.myworkdayjobs.com,3,0.01,
corporatecareers-bowlerocorp.icims.com,3,0.01,
dart.wd1.myworkdayjobs.com,3,0.01,
databricks.com,3,0.01,170000.0
driscoll.wd1.myworkdayjobs.com,3,0.01,
drivetime.wd1.myworkdayjobs.com,3,0.01,
dst.wd5.myworkdayjobs.com,3,0.01,
dukeenergy.wd1.myworkdayjobs.com,3,0.01,
dxpe.wd5.myworkdayjobs.com,3,0.01,
earlywarning.wd5.myworkdayjobs.com,3,0.01,145000.0
easyapply.co,3,0.01,
eguq.fa.us2.oraclecloud.com,3,0.01,
ehkn.fa.ca2.oraclecloud.com,3,0.01,
ejvp.fa.us2.oraclecloud.com,3,0.01,90000.0
ejwk.fa.us6.oraclecloud.com,3,0.01,
elar.fa.us2.oraclecloud.com,3,0.01,
employment.ku.edu,3,0.01,
ensemblehp.wd5.myworkdayjobs.com,3,0.01,
envista.wd1.myworkdayjobs.com,3,0.01,117042.0
eoa.fa.us1.oraclecloud.com,3,0.01,
epej.fa.us2.oraclecloud.com,3,0.01,
erqh.fa.us2.oraclecloud.com,3,0.01,
ertr.fa.us2.oraclecloud.com,3,0.01,
expresspros.thejobnetwork.com,3,0.01,
external-maximus.icims.com,3,0.01,108383.33
externaltalent-mskcc.icims.com,3,0.01,54516.8
fa-euzb-saasfaprod1.fa.ocs.oraclecloud.com,3,0.01,
fisker.wd1.myworkdayjobs.com,3,0.01,100643.33
fractal.wd1.myworkdayjobs.com,3,0.01,142666.67
gdmissionsystems.com,3,0.01,176557.67
geico.wd1.myworkdayjobs.com,3,0.01,131000.0
generatebiomedicines.com,3,0.01,
githubinc.jibeapply.com,3,0.01,154260.0
gpfs.breezy.hr,3,0.01,
hancockwhitney.wd5.myworkdayjobs.com,3,0.01,
hanescareers.com,3,0.01,
hdmm.fa.us6.oraclecloud.com,3,0.01,
healogics.wd5.myworkdayjobs.com,3,0.01,
healthproheritage.thejobnetwork.com,3,0.01,
healthtrustjobs.com,3,0.01,
hexcel.wd5.myworkdayjobs.com,3,0.01,68348.8
hillenbrand.wd3.myworkdayjobs.com,3,0.01,
hollyfrontier-corporation.contactrh.com,3,0.01,
horizonmedia.wd1.myworkdayjobs.com,3,0.01,180833.33
hourlycareers-homechef.icims.com,3,0.01,40560.0
hq.wd5.myworkdayjobs.com,3,0.01,
hr.kapitalbank.az,3,0.01,
hyvee.wd1.myworkdayjobs.com,3,0.01,
ich.wd1.myworkdayjobs.com,3,0.01,
idexcorp.wd5.myworkdayjobs.com,3,0.01,45760.0
insulet.wd5.myworkdayjobs.com,3,0.01,54860.0
intervision.hrmdirect.com,3,0.01,
isolved.isolvedhire.com,3,0.01,
itron.referrals.selectminds.com,3,0.01,79500.0
jabil.wd5.myworkdayjobs.com,3,0.01,49706.8
jcps.tedk12.com,3,0.01,
jobs-swkey.icims.com,3,0.01,
jobs.americannational.com,3,0.01,
jobs.apcinc.com,3,0.01,71898.0
jobs.battelle.org,3,0.01,
jobs.biolifeplasma.com,3,0.01,
jobs.boutiquerecruiting.com,3,0.01,89106.67
jobs.bytedance.com,3,0.01,181466.67
jobs.cooperhealth.org,3,0.01,
jobs.ektello.com,3,0.01,85280.0
jobs.harrishealth.org,3,0.01,
jobs.hellotend.com,3,0.01,60320.0
jobs.hunterdouglas.com,3,0.01,45660.0
jobs.kemper.com,3,0.01,
jobs.msd.com,3,0.01,181380.0
jobs.newbalance.com,3,0.01,37180.0
jobs.redbull.com,3,0.01,
jobs.royalcaribbeangroup.com,3,0.01,
jobs.schaeffler.com,3,0.01,44356.0
jobs.statefarm.com,3,0.01,65265.85
jobs.tecoenergy.com,3,0.01,
jobs.veralto.com,3,0.01,
jobsp.oppd.com,3,0.01,104325.0
kansashealthsystem.wd1.myworkdayjobs.com,3,0.01,
kbi.wd5.myworkdayjobs.com,3,0.01,
kratosdefense.submit4jobs.com,3,0.01,
lakefieldvet.acquiretm.com,3,0.01,133750.0
lazboy.wd1.myworkdayjobs.com,3,0.01,
lcstaffing.thejobnetwork.com,3,0.01,60767.2
levistraussandco.wd5.myworkdayjobs.com,3,0.01,
lhoist.wd3.myworkdayjobs.com,3,0.01,
macu.wd5.myworkdayjobs.com,3,0.01,
maersk.wd3.myworkdayjobs.com,3,0.01,
mainline.taleo.net,3,0.01,
merative.wd1.myworkdayjobs.com,3,0.01,
meritor.jobs.net,3,0.01,
metrohealthprod-lm01.cloud.infor.com,3,0.01,
mlp.wd5.myworkdayjobs.com,3,0.01,208750.0
morsco.wd5.myworkdayjobs.com,3,0.01,
mossadams.taleo.net,3,0.01,
motiva.wd1.myworkdayjobs.com,3,0.01,
msh.wd1.myworkdayjobs.com,3,0.01,140550.0
mymvw.wd5.myworkdayjobs.com,3,0.01,68150.0
nationwide.wd1.myworkdayjobs.com,3,0.01,
neogen.wd5.myworkdayjobs.com,3,0.01,
nepris.com,3,0.01,
nexcom.taleo.net,3,0.01,
nghs.wd1.myworkdayjobs.com,3,0.01,
nordic.wd1.myworkdayjobs.com,3,0.01,
nordstrom.wd5.myworkdayjobs.com,3,0.01,
nursing-lhs.icims.com,3,0.01,
parkercareers.ttcportals.com,3,0.01,
phcgroup.wd3.myworkdayjobs.com,3,0.01,
philips.wd3.myworkdayjobs.com,3,0.01,
plexus.wd5.myworkdayjobs.com,3,0.01,
portlandgeneral.wd5.myworkdayjobs.com,3,0.01,80400.0
recruiting.myapps.paychex.com,3,0.01,
redwoodfamilycarenetwork.thejobnetwork.com,3,0.01,55450.0
rehrig.hrmdirect.com,3,0.01,
rgare.recruitmentplatform.com,3,0.01,98435.83
rheem.taleo.net,3,0.01,
riotinto.contacthr.com,3,0.01,
sarepta.wd5.myworkdayjobs.com,3,0.01,
scientificsearch.com,3,0.01,
scsengineers.clearcompany.com,3,0.01,87500.0
secure2.entertimeonline.com,3,0.01,
sedgwick.wd1.myworkdayjobs.com,3,0.01,78998.5
shakeshack.wd5.myworkdayjobs.com,3,0.01,93760.0
skf-jobs.dzconnex.com,3,0.01,82000.0
slb.eightfold.ai,3,0.01,
smsassist.wd5.myworkdayjobs.com,3,0.01,
sodakprod-lm01.cloud.infor.com,3,0.01,61301.61
staff-careers.williams.edu,3,0.01,70000.0
staffpad.thejobnetwork.com,3,0.01,
statejobsny.com,3,0.01,89917.67
sterlingstjames.com,3,0.01,47840.0
swinerton.wd1.myworkdayjobs.com,3,0.01,128000.0
t3trading.com,3,0.01,
targaresources.referrals.selectminds.com,3,0.01,
theshyftgroup.csod.com,3,0.01,39520.0
thrivenetworksinc.applytojob.com,3,0.01,
tstna.mua.hrdepartment.com,3,0.01,
uisystemoffice.csod.com,3,0.01,
uscareers-lennox.icims.com,3,0.01,96662.5
usccareers.usc.edu,3,0.01,108110.73
valleyhealth.csod.com,3,0.01,
verabradley.wd5.myworkdayjobs.com,3,0.01,
vermeer.wd5.myworkdayjobs.com,3,0.01,
viatris.wd5.myworkdayjobs.com,3,0.01,174000.0
vrtx.wd5.myworkdayjobs.com,3,0.01,
vwgoa.taleo.net,3,0.01,93565.0
westernunionfinancialservicesinc.contacthr.com,3,0.01,138113.33
wexinc.wd5.myworkdayjobs.com,3,0.01,90250.0
windstream.taleo.net,3,0.01,
worldbankgroup.csod.com,3,0.01,
wsecu.wd5.myworkdayjobs.com,3,0.01,49580.27
www.accenture.com,3,0.01,116500.0
www.achievementfirst.org,3,0.01,85161.5
www.aegon.com,3,0.01,85500.0
www.apexsystems.com,3,0.01,
www.bartonassociates.com,3,0.01,
www.companycareersite.com,3,0.01,57500.0
www.daleyaa.com,3,0.01,71760.0
www.energyhub.com,3,0.01,140000.0
www.epam.com,3,0.01,166500.0
www.excelitas.com,3,0.01,
www.fasttek.com,3,0.01,
www.flyzipline.com,3,0.01,155000.0
www.gbcijobs.com,3,0.01,
www.grgc.com,3,0.01,
www.isbe.net,3,0.01,
www.jobjuncture.com,3,0.01,
www.leadhealth.com,3,0.01,
www.manatt.com,3,0.01,160000.0
www.mckinstry.com,3,0.01,133975.0
www.metlifecareers.com,3,0.01,144460.0
www.owndata.com,3,0.01,117000.0
www.pandacareers.com,3,0.01,92838.8
www.proclinical.com,3,0.01,
www.prosearchmaine.com,3,0.01,45760.0
www.prospect-health.com,3,0.01,127500.0
www.quinstreet.com,3,0.01,119166.67
www.rei.jobs,3,0.01,52183.73
www.safefleet.net,3,0.01,
www.salessearchpartners.com,3,0.01,87833.33
www.smxtech.com,3,0.01,
www.teamworkonline.com,3,0.01,
www.thoughtworks.com,3,0.01,174500.0
www.towercareers.org,3,0.01,
www.tractorsupply.careers,3,0.01,
www.workstream.us,3,0.01,97500.0
x.company,3,0.01,178000.0
zebra.eightfold.ai,3,0.01,173000.0
908devices.com,2,0.01,
abilitybeyond.thejobnetwork.com,2,0.01,
acg.wd1.myworkdayjobs.com,2,0.01,46659.6
aenetworks.wd1.myworkdayjobs.com,2,0.01,72250.0
agropur.wd3.myworkdayjobs.com,2,0.01,
allenlundcompany.applytojob.com,2,0.01,
allianceofprofessionalsandconsultantsinc.thejobnetwork.com,2,0.01,
andritz-ag.contactrh.com,2,0.01,
apog.wd1.myworkdayjobs.com,2,0.01,
app.eightfold-eu.ai,2,0.01,169000.0
aprecruit.ucsf.edu,2,0.01,170775.0
aquaamerica.wd5.myworkdayjobs.com,2,0.01,
arco.jibeapply.com,2,0.01,
ascenaretail.wd5.myworkdayjobs.com,2,0.01,87500.0
ashleycareers.ttcportals.com,2,0.01,
ashtonwoods.clearcompany.com,2,0.01,
aspentech.wd5.myworkdayjobs.com,2,0.01,
atmosenergy.wd5.myworkdayjobs.com,2,0.01,
ats3.atenterprise.powerschool.com,2,0.01,
avav.wd1.myworkdayjobs.com,2,0.01,110864.0
aveva.wd3.myworkdayjobs.com,2,0.01,92350.0
bamboo-health.rippling-ats.com,2,0.01,
brenntag.csod.com,2,0.01,
capps.taleo.net,2,0.01,
career-hcm03.ns2cloud.com,2,0.01,89950.0
career.alfalaval.com,2,0.01,120000.0
career.breitling.com,2,0.01,
career.deutz.com,2,0.01,
career.globant.com,2,0.01,138800.0
career.karlstorz.com,2,0.01,
career.staffingsoft.com,2,0.01,
careerportal.redcloudconsulting.com,2,0.01,120000.0
careers-acadiahealthcare.icims.com,2,0.01,182000.0
careers-aidshealth.icims.com,2,0.01,
careers-aiicfl.icims.com,2,0.01,
careers-blackhawknetwork.icims.com,2,0.01,
careers-bohlereng.icims.com,2,0.01,
careers-clinellc.icims.com,2,0.01,59280.0
careers-cotiviti.icims.com,2,0.01,40300.0
careers-criticalstart.icims.com,2,0.01,
careers-cumming.icims.com,2,0.01,
careers-dminc.icims.com,2,0.01,
careers-e2.icims.com,2,0.01,
careers-edf-re.icims.com,2,0.01,99525.25
careers-examworks.icims.com,2,0.01,39520.0
careers-fhcrc.icims.com,2,0.01,118432.25
careers-georgiahospicecare.icims.com,2,0.01,
careers-geosyntec.icims.com,2,0.01,
careers-gmfinancial.icims.com,2,0.01,
careers-grahampackaging.icims.com,2,0.01,
careers-ketteringhealth.icims.com,2,0.01,
careers-lordabbett.icims.com,2,0.01,192500.0
careers-lw.icims.com,2,0.01,143750.0
careers-magaero.icims.com,2,0.01,
careers-montenido.icims.com,2,0.01,
careers-nrdc.icims.com,2,0.01,166750.0
careers-patternenergy.icims.com,2,0.01,113500.0
careers-pcg.icims.com,2,0.01,59400.0
careers-phs.icims.com,2,0.01,
careers-pls.icims.com,2,0.01,36400.0
careers-preshomes.icims.com,2,0.01,33155.2
careers-senecafoa.icims.com,2,0.01,62816.0
careers-shure.icims.com,2,0.01,
careers-shurtape.icims.com,2,0.01,
careers-springswindowfashions.icims.com,2,0.01,62500.0
careers-uwmcareers.icims.com,2,0.01,
careers-wheelsup.icims.com,2,0.01,
careers-yescarecorp.icims.com,2,0.01,
careers.abarcahealth.com,2,0.01,
careers.acpny.com,2,0.01,85000.0
careers.advisorgroup.com,2,0.01,
careers.allianz.com,2,0.01,90773.0
careers.amerihealthcaritas.com,2,0.01,
careers.amica.com,2,0.01,
careers.apptio.com,2,0.01,174925.0
careers.bcg.com,2,0.01,78000.0
careers.btlaw.com,2,0.01,95000.0
careers.busey.com,2,0.01,
careers.cae.com,2,0.01,
careers.chobani.com,2,0.01,56290.0
careers.cloud.com,2,0.01,
careers.compassgroupcareers.com,2,0.01,75000.0
careers.conteches.com,2,0.01,
careers.coty.com,2,0.01,
careers.cubesmart.com,2,0.01,34320.0
careers.edison.tn.gov,2,0.01,
careers.eisai.com,2,0.01,166350.0
careers.ethosenergy.com,2,0.01,
careers.fitch.group,2,0.01,122500.0
careers.freedommortgage.com,2,0.01,
careers.frostbank.com,2,0.01,
careers.garmin.com,2,0.01,
careers.gene.com,2,0.01,
careers.getinge.com,2,0.01,91500.0
careers.hellofresh.com,2,0.01,
careers.hitachi.com,2,0.01,
careers.hvcu.org,2,0.01,
careers.iff.com,2,0.01,
careers.irco.com,2,0.01,
careers.jameshardie.com,2,0.01,
careers.jetblue.com,2,0.01,
careers.kearneyco.com,2,0.01,125000.0
careers.keurigdrpepper.com,2,0.01,
careers.khealth.com,2,0.01,215000.0
careers.konecranes.com,2,0.01,
careers.leviton.com,2,0.01,80000.0
careers.mheducation.com,2,0.01,76250.0
careers.moog.com,2,0.01,109408.0
careers.msm.edu,2,0.01,
careers.newellbrands.com,2,0.01,
careers.nyp.org,2,0.01,101937.0
careers.oerlikon.com,2,0.01,
careers.pageuppeople.com,2,0.01,73000.0
careers.patelco.org,2,0.01,96629.5
careers.pcl.com,2,0.01,87500.0
careers.penfed.org,2,0.01,
careers.perrigo.com,2,0.01,
careers.phillips66.com,2,0.01,
careers.quadient.com,2,0.01,50000.0
careers.rsgroup.com,2,0.01,
careers.samaritanspurse.org,2,0.01,
careers.satellitehealth.com,2,0.01,98711.6
careers.scripps.org,2,0.01,96683.6
careers.seic.com,2,0.01,49375.0
careers.simplot.com,2,0.01,
careers.skyworksinc.com,2,0.01,141350.0
careers.swissre.com,2,0.01,
careers.syncreon.com,2,0.01,
careers.talkdesk.com,2,0.01,
careers.taylor-strategy.com,2,0.01,87500.0
careers.thalesgroup.com,2,0.01,
careers.theheinekencompany.com,2,0.01,101887.5
careers.thehersheycompany.com,2,0.01,
careers.thomsonreuters.com,2,0.01,61550.0
careers.timken.com,2,0.01,
careers.tumi.com,2,0.01,
careers.unilever.com,2,0.01,103950.0
careers.unitedsiteservices.com,2,0.01,121830.0
careers.us.valtech.com,2,0.01,62500.0
careers.veritiv.com,2,0.01,
careers2-advancedrecoverysystems.icims.com,2,0.01,31200.0
careers2-cottonwoodfinancial.icims.com,2,0.01,
careers2-imagefirst.icims.com,2,0.01,49920.0
careers2-rpmliving.icims.com,2,0.01,
careersautomotive.com,2,0.01,85825.0
careersenus-fgfbrands.icims.com,2,0.01,
careersus-compucom.icims.com,2,0.01,47840.0
cbdt.fa.us2.oraclecloud.com,2,0.01,
cedar.com,2,0.01,122562.5
cengage.wd5.myworkdayjobs.com,2,0.01,45750.0
chg.wd5.myworkdayjobs.com,2,0.01,
chinatowncdc.applytojob.com,2,0.01,
christies.wd3.myworkdayjobs.com,2,0.01,275000.0
columbiasportswearcompany.wd5.myworkdayjobs.com,2,0.01,
comfortsystemsusa.wd1.myworkdayjobs.com,2,0.01,
commercialcareers.syneoshealth.com,2,0.01,
consultdss.recruitee.com,2,0.01,
cooley.wd1.myworkdayjobs.com,2,0.01,100990.0
corebridgefinancial.wd1.myworkdayjobs.com,2,0.01,
corelogic.wd5.myworkdayjobs.com,2,0.01,
corp.skillz.com,2,0.01,
crowdstrike.wd5.myworkdayjobs.com,2,0.01,80000.0
dddsystems.taleo.net,2,0.01,47736.0
de.jobsyn.org,2,0.01,
dentalassistant-hygienist-decadental.icims.com,2,0.01,
denver.wd1.myworkdayjobs.com,2,0.01,60601.75
diaglobal.clearcompany.com,2,0.01,
directsupply.wd5.myworkdayjobs.com,2,0.01,
dowbuilt.applytojob.com,2,0.01,137000.0
dsstpublicschools.wd5.myworkdayjobs.com,2,0.01,120000.0
dunhillstaff.com,2,0.01,
ecsr.fa.us2.oraclecloud.com,2,0.01,
egpy.fa.us2.oraclecloud.com,2,0.01,143477.46
ejob.bz,2,0.01,
ekcf.fa.us6.oraclecloud.com,2,0.01,
ekug.fa.us6.oraclecloud.com,2,0.01,83750.0
employment.coppin.edu,2,0.01,
ensign.wd1.myworkdayjobs.com,2,0.01,
eour.fa.us2.oraclecloud.com,2,0.01,
epiqsystems.wd5.myworkdayjobs.com,2,0.01,
esab.wd5.myworkdayjobs.com,2,0.01,
escalent.hrmdirect.com,2,0.01,66750.0
evoportalus.tracker-rms.com,2,0.01,
ewaketalent.csod.com,2,0.01,60221.2
execusource.com,2,0.01,
external-canoncareers.icims.com,2,0.01,
external-ges.icims.com,2,0.01,
externalcareers-ohsu.icims.com,2,0.01,
fa-eryf-saasfaprod1.fa.ocs.oraclecloud.com,2,0.01,
fa-esbv-saasfaprod1.fa.ocs.oraclecloud.com,2,0.01,76600.0
fa-etgw-saasfaprod1.fa.ocs.oraclecloud.com,2,0.01,131860.0
fa-etqd-saasfaprod1.fa.ocs.oraclecloud.com,2,0.01,
fa-eups-saasfaprod1.fa.ocs.oraclecloud.com,2,0.01,121500.0
fa-evdq-saasfaprod1.fa.ocs.oraclecloud.com,2,0.01,50094.0
farm-credit-services.contactrh.com,2,0.01,
fau.wd1.myworkdayjobs.com,2,0.01,
fhcsd.wd1.myworkdayjobs.com,2,0.01,103000.0
fico.wd1.myworkdayjobs.com,2,0.01,193500.0
firstam.wd1.myworkdayjobs.com,2,0.01,105162.5
firstcommand.silkroad.com,2,0.01,
forestlawn.wd1.myworkdayjobs.com,2,0.01,105000.0
fremontbank.csod.com,2,0.01,53086.8
fuse3solutions.com,2,0.01,152500.0
gallifordtry.taleo.net,2,0.01,
gatesfoundation.wd1.myworkdayjobs.com,2,0.01,166050.0
geha.wd5.myworkdayjobs.com,2,0.01,123100.0
globalfoundries.wd1.myworkdayjobs.com,2,0.01,89330.0
gmh.referrals.selectminds.com,2,0.01,
groundcareers.fedex.com,2,0.01,
gtm.isolvedhire.com,2,0.01,
guardianlife.wd5.myworkdayjobs.com,2,0.01,229526.25
gwelec.clearcompany.com,2,0.01,
harman.wd3.myworkdayjobs.com,2,0.01,
hbap.fa.us1.oraclecloud.com,2,0.01,
hbbq.fa.us2.oraclecloud.com,2,0.01,
hcwx.fa.us2.oraclecloud.com,2,0.01,
hendrickson.referrals.selectminds.com,2,0.01,
henkel.csod.com,2,0.01,52015.6
heritageenviro.applicantpool.com,2,0.01,
hrhcsacramento-hardrock.icims.com,2,0.01,
icf.wd5.myworkdayjobs.com,2,0.01,89570.25
illumina.wd1.myworkdayjobs.com,2,0.01,
imf.wd5.myworkdayjobs.com,2,0.01,
indianapackerscorp.applicantpool.com,2,0.01,
indivior.wd3.myworkdayjobs.com,2,0.01,
ingrammicro.wd5.myworkdayjobs.com,2,0.01,36150.0
instabase.com,2,0.01,202500.0
integritymarketinggroup.thejobnetwork.com,2,0.01,
jda.wd5.myworkdayjobs.com,2,0.01,105853.5
jobs-cnhind.icims.com,2,0.01,
jobs-noblis.icims.com,2,0.01,83250.0
jobs.abf.com,2,0.01,
jobs.abskids.com,2,0.01,40040.0
jobs.advancedclinical.com,2,0.01,
jobs.arjo.com,2,0.01,42120.0
jobs.boeing.com,2,0.01,
jobs.bombardier.com,2,0.01,
jobs.brinksuscareers.com,2,0.01,
jobs.cascades.com,2,0.01,
jobs.cemex.com,2,0.01,
jobs.chsli.org,2,0.01,112028.8
jobs.coastal.edu,2,0.01,26832.5
jobs.colorado.edu,2,0.01,70000.0
jobs.cpchem.com,2,0.01,
jobs.dormakaba.com,2,0.01,73250.0
jobs.dropbox.com,2,0.01,
jobs.ebayinc.com,2,0.01,166775.0
jobs.enel.com,2,0.01,
jobs.equans.com,2,0.01,
jobs.fcx.com,2,0.01,63960.0
jobs.grundfos.com,2,0.01,
jobs.hatch.com,2,0.01,
jobs.hilmarcheese.com,2,0.01,
jobs.hkaa.com,2,0.01,
jobs.intralox.com,2,0.01,
jobs.iqvia.com,2,0.01,60000.0
jobs.jnj.com,2,0.01,112500.0
jobs.koerber.com,2,0.01,90000.0
jobs.lenovo.com,2,0.01,85000.0
jobs.libertyenergyandwater.com,2,0.01,
jobs.mattel.com,2,0.01,120500.0
jobs.memorialhermann.org,2,0.01,
jobs.merck.com,2,0.01,225820.0
jobs.mitsubishi-chemical.com,2,0.01,133025.0
jobs.modpizza.com,2,0.01,
jobs.molsoncoors.com,2,0.01,
jobs.pfchangs.com,2,0.01,58203.6
jobs.progleasing.com,2,0.01,
jobs.retirement.org,2,0.01,41974.4
jobs.scionhealth.com,2,0.01,102856.0
jobs.skywest.com,2,0.01,
jobs.telusinternational.com,2,0.01,
jobs.tenneco.com,2,0.01,
jobs.undp.org,2,0.01,
jobs.zendesk.com,2,0.01,173002.8
jobsearch.grifols.com,2,0.01,46800.0
jpi.wd1.myworkdayjobs.com,2,0.01,
jubilantcareer.jubl.com,2,0.01,65748.8
kar.wd1.myworkdayjobs.com,2,0.01,
keybank.wd5.myworkdayjobs.com,2,0.01,108750.0
kohler.csod.com,2,0.01,98450.0
komatsu.jobs,2,0.01,
kombijde.politie.nl,2,0.01,
lawcruit.micronapps.com,2,0.01,
lifefitness.wd1.myworkdayjobs.com,2,0.01,
line-saguaro-careers.careerplug.com,2,0.01,
livanova.wd5.myworkdayjobs.com,2,0.01,115000.0
lowe-coraltreehospitality.icims.com,2,0.01,
manulife.wd3.myworkdayjobs.com,2,0.01,117600.0
mechanicsbank.wd5.myworkdayjobs.com,2,0.01,47840.0
media.monks.com,2,0.01,
mfs.wd1.myworkdayjobs.com,2,0.01,
michelinhr.wd3.myworkdayjobs.com,2,0.01,
montrose.wd1.myworkdayjobs.com,2,0.01,50440.0
montrose.wd2.myworkdayjobs-impl.com,2,0.01,111250.0
morgantowncare.hcshiring.com,2,0.01,
mpc.wd1.myworkdayjobs.com,2,0.01,71600.0
msudenver.wd1.myworkdayjobs.com,2,0.01,51500.0
mwhconstructors.hrmdirect.com,2,0.01,
mylogically.bamboohr.com,2,0.01,
nasdaqinc.contacthr.com,2,0.01,
ncsecu.wd1.myworkdayjobs.com,2,0.01,
neighborlybrands.wd1.myworkdayjobs.com,2,0.01,
nenniandassociates.catsone.com,2,0.01,
nomadhealth.thejobnetwork.com,2,0.01,
nomura-holdings-inc.contactrh.com,2,0.01,
norsk-hydro-asa.contactrh.com,2,0.01,
northern-trust.talentnet.community,2,0.01,
nortonandassociates.applytojob.com,2,0.01,
nttlimited.wd3.myworkdayjobs.com,2,0.01,185000.0
nuro.ai,2,0.01,230850.0
nuvia.bamboohr.com,2,0.01,
obi1.humanic.com,2,0.01,
olivia.paradox.ai,2,0.01,47400.0
omahaprod-lm01.cloud.infor.com,2,0.01,68827.2
ondemandrm.bamboohr.com,2,0.01,
opportunities.solomonpage.com,2,0.01,
osv-firstunited.wd5.myworkdayjobs.com,2,0.01,
otis.wd5.myworkdayjobs.com,2,0.01,
palmbeachstate.wd1.myworkdayjobs.com,2,0.01,
parktown-veterinary-clinic.hiringthing.com,2,0.01,
pathways.careerplug.com,2,0.01,22880.0
pciservices.wd1.myworkdayjobs.com,2,0.01,
phreesia.wd1.myworkdayjobs.com,2,0.01,110000.0
physicians-novanthealth.icims.com,2,0.01,
polaris.wd5.myworkdayjobs.com,2,0.01,
poolcorp.wd1.myworkdayjobs.com,2,0.01,53040.0
porchgroup.com,2,0.01,130200.0
primetherapeutics.wd1.myworkdayjobs.com,2,0.01,77355.0
prudential.eightfold.ai,2,0.01,112650.0
pscu.wd5.myworkdayjobs.com,2,0.01,83300.0
psdctalentlinkwebstg01.blob.core.windows.net,2,0.01,
pultegroup.wd1.myworkdayjobs.com,2,0.01,
qvc.wd5.myworkdayjobs.com,2,0.01,160000.0
r1rcm.wd1.myworkdayjobs.com,2,0.01,207793.89
rayzor.arraycorp.com,2,0.01,73750.0
recruiter.triwest.com,2,0.01,148577.75
recruiting.southernglazers.com,2,0.01,46000.0
redfin.wd1.myworkdayjobs.com,2,0.01,
refinitiv.wd3.myworkdayjobs.com,2,0.01,161500.0
reproductiverights.org,2,0.01,
resapp.swri.org,2,0.01,
resmed.wd3.myworkdayjobs.com,2,0.01,
rittal.applytojob.com,2,0.01,
rivhs.wd1.myworkdayjobs.com,2,0.01,
ro.careers.tsmc.com,2,0.01,
rosendinelectricinc.thejobnetwork.com,2,0.01,100350.0
rouxinc.hua.hrsmart.com,2,0.01,117500.0
rtddenver.wd5.myworkdayjobs.com,2,0.01,86184.31
sailpoint.wd1.myworkdayjobs.com,2,0.01,
salesloft.com,2,0.01,
scripps.wd5.myworkdayjobs.com,2,0.01,86998.4
searchjobs.dartmouth.edu,2,0.01,90900.0
secure.beyondpay.com,2,0.01,
secure3.entertimeonline.com,2,0.01,
securianfinancialgroup.thejobnetwork.com,2,0.01,
sentara.wd1.myworkdayjobs.com,2,0.01,
service-princeton.icims.com,2,0.01,
servicetitan.wd1.myworkdayjobs.com,2,0.01,38000.0
sglottery.wd5.myworkdayjobs.com,2,0.01,
shawinc.wd1.myworkdayjobs.com,2,0.01,
shipt.wd1.myworkdayjobs.com,2,0.01,
siemensgamesa.wd3.myworkdayjobs.com,2,0.01,
smucker.wd5.myworkdayjobs.com,2,0.01,
sonder.wd1.myworkdayjobs.com,2,0.01,
sonos.wd1.myworkdayjobs.com,2,0.01,137400.0
spectrumhealth.wd5.myworkdayjobs.com,2,0.01,
staffcareers-mcguirewoods.icims.com,2,0.01,
statestreet.wd1.myworkdayjobs.com,2,0.01,112812.5
stibosystems.wd3.myworkdayjobs.com,2,0.01,
storage-scholars.breezy.hr,2,0.01,
suddath.wd5.myworkdayjobs.com,2,0.01,
tas-wlgore.taleo.net,2,0.01,
taylormorrison.wd1.myworkdayjobs.com,2,0.01,
teaminc.wd5.myworkdayjobs.com,2,0.01,
texasmutual.wd1.myworkdayjobs.com,2,0.01,
tre.tbe.taleo.net,2,0.01,35880.0
tripactions.com,2,0.01,124162.5
truist.wd1.myworkdayjobs.com,2,0.01,
ucar.wd5.myworkdayjobs.com,2,0.01,87049.5
ucf.wd1.myworkdayjobs.com,2,0.01,
uniper-it-gmbh.contactrh.com,2,0.01,
univision.wd1.myworkdayjobs.com,2,0.01,
us-careers.omnicommediagroup.com,2,0.01,47250.0
uscareers2-holcim-us.icims.com,2,0.01,64480.0
uslbm.hrmdirect.com,2,0.01,
versarecruitingllc.recruitpro.com,2,0.01,
vertexinc.wd1.myworkdayjobs.com,2,0.01,
vonq.io,2,0.01,80000.0
wattswater.wd5.myworkdayjobs.com,2,0.01,
web.wd1.myworkdayjobs.com,2,0.01,
wella-netherlands-bv.contactrh.com,2,0.01,128425.0
whybenormalpizzadbadominos.thejobnetwork.com,2,0.01,36400.0
www.3ds.com,2,0.01,127500.0
www.actionsolutionsincorporated.com,2,0.01,
www.aegworldwide.com,2,0.01,78893.5
www.alticeusacareers.com,2,0.01,
www.auditboard.com,2,0.01,
www.azstatejobs.gov,2,0.01,62743.5
www.bold.com,2,0.01,
www.burgessniple.com,2,0.01,
www.careers.macquarie.com,2,0.01,114250.0
www.careers.zurich.com,2,0.01,144528.5
www.careershealthcare.com,2,0.01,
www.clearwayenergygroup.com,2,0.01,69750.0
www.cognism.com,2,0.01,150000.0
www.comeet.com,2,0.01,
www.crawfordthomas.com,2,0.01,60000.0
www.edjoin.org,2,0.01,
www.habitat.org,2,0.01,160000.0
www.healthcareitleaders.com,2,0.01,
www.ihirelegal.com,2,0.01,
www.infineon.com,2,0.01,226290.0
www.ixl.com,2,0.01,195000.0
www.laika.com,2,0.01,
www.luminishealthcareers.org,2,0.01,
www.lvmh.com,2,0.01,125990.0
www.mortenson.com,2,0.01,
www.mydayforce.com,2,0.01,122285.0
www.nba.com,2,0.01,155500.0
www.nelsonjobs.com,2,0.01,81120.0
www.nouryon.com,2,0.01,88400.0
www.ogilvy.com,2,0.01,165000.0
www.oldsecond.com,2,0.01,
www.orioninc.com,2,0.01,
www.pgcareers.com,2,0.01,82160.0
www.pinterestcareers.com,2,0.01,
www.qualtrics.com,2,0.01,72000.0
www.rubrik.com,2,0.01,217000.0
www.signifyhealth.com,2,0.01,
www.siterx.com,2,0.01,
www.solvay.com,2,0.01,68762.8
www.stitchfix.com,2,0.01,177000.0
www.techrg.com,2,0.01,
www.uline.jobs,2,0.01,
www.ummsjobs.com,2,0.01,
www.upside.com,2,0.01,
www.uscellular.jobs,2,0.01,48880.0
www.westmonroe.com,2,0.01,
www.wizeline.com,2,0.01,
zayo.wd1.myworkdayjobs.com,2,0.01,128322.5
zerotothree.applytojob.com,2,0.01,70000.0
zf-friedrichshafen-ag.contactrh.com,2,0.01,
85sixty.rippling-ats.com,1,0.0,
BTCPA.rec.pro.ukg.net,1,0.0,
REYESHOLDINGS.contacthr.com,1,0.0,
RioTinto.contacthr.com,1,0.0,
ValleyMed.iGreentree.com,1,0.0,
WOODLAND.rec.pro.ukg.net,1,0.0,
aacps.tedk12.com,1,0.0,
aamc.wd5.myworkdayjobs.com,1,0.0,
aamco.applytojob.com,1,0.0,
abcfinancial.wd5.myworkdayjobs.com,1,0.0,
abglobal.wd1.myworkdayjobs.com,1,0.0,
accuray.wd5.myworkdayjobs.com,1,0.0,
acrisure.wd1.myworkdayjobs.com,1,0.0,317500.0
acxiomllc.wd5.myworkdayjobs.com,1,0.0,
adient.wd3.myworkdayjobs.com,1,0.0,
adstrategies-cadenceeducation.thejobnetwork.com,1,0.0,
adt.contacthr.com,1,0.0,
advancedspace.hire.trakstar.com,1,0.0,39520.0
agi.hiringplatform.com,1,0.0,
aholddelhaizeusacorporatesupport.careerswithus.com,1,0.0,
airforcestem.recsolu.com,1,0.0,
akamaicareers.inflightcloud.com,1,0.0,127766.5
alcoa.wd5.myworkdayjobs.com,1,0.0,
aleragroup.thejobnetwork.com,1,0.0,
alexleecareers-alexlee.icims.com,1,0.0,
aliaxis.wd3.myworkdayjobs.com,1,0.0,
alkegen.wd5.myworkdayjobs.com,1,0.0,92500.0
alsacstjude.wd1.myworkdayjobs.com,1,0.0,
amc.thejobnetwork.com,1,0.0,64480.0
amcn.wd5.myworkdayjobs.com,1,0.0,
americares.csod.com,1,0.0,65800.0
anblicks-talent.freshteam.com,1,0.0,
apexfintechsolutions.ongig.com,1,0.0,
app.dover.io,1,0.0,110000.0
app.elvium.com,1,0.0,
app.hiremojo.com,1,0.0,140000.0
apps.alleghenycounty.us,1,0.0,
aquila.technology,1,0.0,
arcadia.isolvedhire.com,1,0.0,
arcareers.arkansas.gov,1,0.0,39696.0
areascouts1.recruitee.com,1,0.0,
aresmgmt.wd1.myworkdayjobs.com,1,0.0,
arkbluecross.wd1.myworkdayjobs.com,1,0.0,
aroma360.breezy.hr,1,0.0,
assaabloy.jobs2web.com,1,0.0,
assetmark.wd5.myworkdayjobs.com,1,0.0,
asuep.wd5.myworkdayjobs.com,1,0.0,
athenahealth.wd1.myworkdayjobs.com,1,0.0,
athene.wd5.myworkdayjobs.com,1,0.0,175000.0
atriawealth.applytojob.com,1,0.0,75000.0
ats5.atenterprise.powerschool.com,1,0.0,88207.5
awardstaffing.thejobnetwork.com,1,0.0,
b.recruitology.com,1,0.0,
balchem.clearcompany.com,1,0.0,
bankatfirst.wd1.myworkdayjobs.com,1,0.0,
barringtonjames.com,1,0.0,
bbh.wd5.myworkdayjobs.com,1,0.0,75000.0
bcbst.wd1.myworkdayjobs.com,1,0.0,
bcfs.wd5.myworkdayjobs.com,1,0.0,
bdgrowers.wd1.myworkdayjobs.com,1,0.0,
beachbody.wd1.myworkdayjobs.com,1,0.0,83700.0
beigene.wd5.myworkdayjobs.com,1,0.0,110400.0
bellefairejcb.applytojob.com,1,0.0,
bg.tedk12.com,1,0.0,
blattner.wd5.myworkdayjobs.com,1,0.0,
bluehawkconsulting.com,1,0.0,139500.0
bluerivertechnology.com,1,0.0,188000.0
bnpparibasgt.taleo.net,1,0.0,232000.0
borderfoods.thejobnetwork.com,1,0.0,
borgwarner.wd5.myworkdayjobs.com,1,0.0,
bostondynamics.wd1.myworkdayjobs.com,1,0.0,
brainworksinc.com,1,0.0,
broadinstitute.wd1.myworkdayjobs.com,1,0.0,
burberry-limited.contactrh.com,1,0.0,75000.0
cambiumlearning.wd1.myworkdayjobs.com,1,0.0,
capgemini.taleo.net,1,0.0,
caredx.com,1,0.0,
career.lanxess.com,1,0.0,
careers-abidss.icims.com,1,0.0,
careers-advocatesinc.icims.com,1,0.0,72975.0
careers-amtrustgroup.icims.com,1,0.0,
careers-assemblyna.icims.com,1,0.0,151219.0
careers-atlantichealth.icims.com,1,0.0,
careers-atlasair.icims.com,1,0.0,
careers-axway.icims.com,1,0.0,
careers-bluehalo.icims.com,1,0.0,
careers-buzziunicemusa.icims.com,1,0.0,
careers-cfins.icims.com,1,0.0,
careers-chasebrass.icims.com,1,0.0,
careers-chemtradelogistics.icims.com,1,0.0,76000.0
careers-clementineprograms.icims.com,1,0.0,
careers-collemcvoy.icims.com,1,0.0,
careers-connection.icims.com,1,0.0,131150.0
careers-counterpart.icims.com,1,0.0,
careers-cradlepoint.icims.com,1,0.0,
careers-daytonfreight.icims.com,1,0.0,
careers-dlhcorp.icims.com,1,0.0,
careers-draper.icims.com,1,0.0,
careers-drfirst.icims.com,1,0.0,
careers-edgewaterit.icims.com,1,0.0,
careers-einstein.icims.com,1,0.0,48620.0
careers-exponent.icims.com,1,0.0,200000.0
careers-filtrationgroupcorp.icims.com,1,0.0,
careers-fleishmanhillard.icims.com,1,0.0,128650.0
careers-fxi.icims.com,1,0.0,
careers-gray.icims.com,1,0.0,
careers-grizzlies.icims.com,1,0.0,
careers-haskell.icims.com,1,0.0,
careers-idealindustries.icims.com,1,0.0,
careers-inotiv.icims.com,1,0.0,60320.0
careers-jointcommission.icims.com,1,0.0,
careers-liveonny.icims.com,1,0.0,172000.0
careers-lmi.icims.com,1,0.0,
careers-lupinpharmaceuticals.icims.com,1,0.0,
careers-marshmmamidwest.icims.com,1,0.0,
careers-maxor.icims.com,1,0.0,
careers-meadhunt.icims.com,1,0.0,
careers-meissner.icims.com,1,0.0,
careers-meridianbioscience.icims.com,1,0.0,
careers-meritagehomes.icims.com,1,0.0,
careers-mlssoccer.icims.com,1,0.0,130000.0
careers-nevro.icims.com,1,0.0,176800.0
careers-nikolamotor.icims.com,1,0.0,
careers-pactiv-evergreen.icims.com,1,0.0,35422.4
careers-powerschool.icims.com,1,0.0,99000.0
careers-pplweb.icims.com,1,0.0,
careers-psi.icims.com,1,0.0,
careers-qualus.icims.com,1,0.0,
careers-quest.icims.com,1,0.0,
careers-revantage.icims.com,1,0.0,
careers-rosewoodranch.icims.com,1,0.0,
careers-sas.icims.com,1,0.0,
careers-sonnysdirect.icims.com,1,0.0,
careers-spiro.icims.com,1,0.0,
careers-squiresgroup.icims.com,1,0.0,
careers-stellantsystems.icims.com,1,0.0,
careers-stratus.icims.com,1,0.0,
careers-sus.icims.com,1,0.0,62500.0
careers-tdindustries.icims.com,1,0.0,
careers-usesalvationarmy.icims.com,1,0.0,175000.0
careers-vectorworks.icims.com,1,0.0,
careers-virginpulse.icims.com,1,0.0,77500.0
careers-vistaequitypartners.icims.com,1,0.0,77500.0
careers-vitro.icims.com,1,0.0,111486.0
careers-walshgroup.icims.com,1,0.0,
careers-wbmason.icims.com,1,0.0,
careers-wellpath.icims.com,1,0.0,81120.0
careers-werfen.icims.com,1,0.0,
careers-wernerco.icims.com,1,0.0,
careers-westwoodps.icims.com,1,0.0,
careers-wuxiapptec.icims.com,1,0.0,
careers-wwfus.icims.com,1,0.0,
careers.abnormalsecurity.com,1,0.0,
careers.achieve.com,1,0.0,
careers.airbnb.com,1,0.0,180000.0
careers.akzonobel.com,1,0.0,110000.0
careers.alight.com,1,0.0,57700.0
careers.allsaints.com,1,0.0,69500.0
careers.altiumpkg.com,1,0.0,
careers.ancestry.com,1,0.0,115000.0
careers.appliedmedical.com,1,0.0,60000.0
careers.ardaghgroup.com,1,0.0,
careers.asm.com,1,0.0,
careers.aspca.org,1,0.0,51105.6
careers.baptisthealth.net,1,0.0,51573.6
careers.barnard.edu,1,0.0,109000.0
careers.bartonmalow.com,1,0.0,
careers.basf-catalystsmetals.com,1,0.0,
careers.bauschlomb.com,1,0.0,
careers.bio-rad.com,1,0.0,97550.0
careers.blackhillsenergy.com,1,0.0,
careers.blizzard.com,1,0.0,88348.0
careers.bremer.com,1,0.0,
careers.brp.com,1,0.0,
careers.bwxt.com,1,0.0,
careers.canyonranch.com,1,0.0,
careers.caresource.com,1,0.0,143550.0
careers.celestica.com,1,0.0,
careers.chainiq.com,1,0.0,
careers.clevelandcliffs.com,1,0.0,
careers.commvault.com,1,0.0,218050.0
careers.conmed.com,1,0.0,
careers.contemporarystaffing.com,1,0.0,
careers.cpsenergy.com,1,0.0,
careers.crafted-social.co.uk,1,0.0,
careers.creditonebank.com,1,0.0,
careers.criteo.com,1,0.0,96710.0
careers.danone.com,1,0.0,119500.0
careers.data.ai,1,0.0,
careers.dovercorporation.com,1,0.0,90000.0
careers.dyson.com,1,0.0,
careers.eblock.com,1,0.0,48484.8
careers.ellucian.com,1,0.0,
careers.empowerpharmacy.com,1,0.0,
careers.entegris.com,1,0.0,
careers.eplus.com,1,0.0,42504.8
careers.etsy.com,1,0.0,227000.0
careers.evolution.com,1,0.0,
careers.fctgcareers.com,1,0.0,
careers.floridablue.com,1,0.0,
careers.foxrehab.org,1,0.0,
careers.friedkin.com,1,0.0,
careers.g4s.com,1,0.0,
careers.gatewayfoundation.org,1,0.0,
careers.greenheck.com,1,0.0,
careers.gtri.gatech.edu,1,0.0,
careers.haleon.com,1,0.0,95850.0
careers.havi.com,1,0.0,
careers.hillenbrand.com,1,0.0,
careers.hireology.com,1,0.0,
careers.holcimgroup.com,1,0.0,
careers.hsabank.com,1,0.0,39000.0
careers.icims.com,1,0.0,57000.0
careers.jccc.edu,1,0.0,44668.0
careers.jdirving.com,1,0.0,
careers.kennedyslaw.com,1,0.0,
careers.knorr-bremse.com,1,0.0,
careers.kognitivinc.com,1,0.0,
careers.kraftheinz.com,1,0.0,
careers.leonardodrs.com,1,0.0,
careers.liberty.edu,1,0.0,
careers.liebherr.com,1,0.0,
careers.ll.mit.edu,1,0.0,
careers.lockton.com,1,0.0,
careers.lutron.com,1,0.0,
careers.matw.com,1,0.0,
careers.mauserpackaging.com,1,0.0,
careers.mcafee.com,1,0.0,104312.5
careers.mccain.com,1,0.0,
careers.mccormick.com,1,0.0,
careers.mclarens.com,1,0.0,
careers.mercy.com,1,0.0,
careers.metso.com,1,0.0,
careers.mohawkind.com,1,0.0,
careers.montefiore.org,1,0.0,
careers.morningstar.com,1,0.0,
careers.mt.com,1,0.0,
careers.mvhealthsystem.org,1,0.0,
careers.nais.org,1,0.0,47500.0
careers.nch.com,1,0.0,
careers.netjets.com,1,0.0,
careers.northerntrust.com,1,0.0,
careers.northhighland.com,1,0.0,
careers.novitas-solutions.com,1,0.0,
careers.odysseygroup.com,1,0.0,
careers.originhousing.org.uk,1,0.0,
careers.owenscorning.com,1,0.0,
careers.performantcorp.com,1,0.0,109600.0
careers.placesforpeople.co.uk,1,0.0,
careers.planview.com,1,0.0,
careers.qorvo.com,1,0.0,
careers.rambus.com,1,0.0,315000.0
careers.ratpdevusa.com,1,0.0,
careers.rbi.com,1,0.0,
careers.rogerscorp.com,1,0.0,
careers.route.com,1,0.0,179000.0
careers.rti.org,1,0.0,82500.0
careers.ryansg.com,1,0.0,
careers.sam.biz,1,0.0,
careers.sargento.com,1,0.0,
careers.softchoice.com,1,0.0,149460.0
careers.solotech.com,1,0.0,
careers.sonoco.com,1,0.0,
careers.southwire.com,1,0.0,
careers.sparktx.com,1,0.0,134400.0
careers.starplusenergyus.com,1,0.0,
careers.steelcase.com,1,0.0,
careers.stelizabeth.com,1,0.0,
careers.stepbystepusa.com,1,0.0,
careers.tateandlyle.com,1,0.0,
careers.tdsynnex.com,1,0.0,
careers.terumobct.com,1,0.0,172550.0
careers.tsi.com,1,0.0,
careers.umich.edu,1,0.0,15.0
careers.univarsolutions.com,1,0.0,
careers.unum.com,1,0.0,
careers.usa.skanska.com,1,0.0,
careers.usoncology.com,1,0.0,
careers.vicorpower.com,1,0.0,
careers.viega.com,1,0.0,
careers.wasteconnections.com,1,0.0,
careers.webtpa.com,1,0.0,
careers.wella.com,1,0.0,77000.0
careers.wework.com,1,0.0,
careers.wiley.com,1,0.0,165433.5
careers.willscot-mobilemini.com,1,0.0,
careers.wmata.com,1,0.0,
careers.zenobe.com,1,0.0,
careers2-buck.icims.com,1,0.0,
careerseng-cordis.icims.com,1,0.0,
careershub.williamgrant.com,1,0.0,103765.0
careerspub.universityofcalifornia.edu,1,0.0,93400.0
cartech.wd5.myworkdayjobs.com,1,0.0,
cedarhurstliving.hrmdirect.com,1,0.0,30160.0
centerlight.wd5.myworkdayjobs.com,1,0.0,
cerecore.catsone.com,1,0.0,
cesco.wd5.myworkdayjobs.com,1,0.0,
chaptershealth.wd5.myworkdayjobs.com,1,0.0,
chartermfg.wd5.myworkdayjobs.com,1,0.0,
chattanoogapizzallcdbadominospizza.thejobnetwork.com,1,0.0,97500.0
chattr-mmbrands.thejobnetwork.com,1,0.0,33280.0
chemonics.com,1,0.0,
chemours.wd5.myworkdayjobs.com,1,0.0,
circor.jobs.net,1,0.0,39000.0
cityjobs.nyc.gov,1,0.0,115000.0
clarios.wd5.myworkdayjobs.com,1,0.0,
clearchoice.theresumator.com,1,0.0,45760.0
clinical-emory.icims.com,1,0.0,43628.0
cloudera.wd5.myworkdayjobs.com,1,0.0,
clr.wd5.myworkdayjobs.com,1,0.0,
cmiinc.taleo.net,1,0.0,
cn360.csod.com,1,0.0,
cnp.taleo.net,1,0.0,
cohnreznick.tal.net,1,0.0,137500.0
colliers.wd3.myworkdayjobs.com,1,0.0,
companion-pet-partners-llc.hiringthing.com,1,0.0,92500.0
connect.wd1.myworkdayjobs.com,1,0.0,
connections-behavior.apscareerportal.com,1,0.0,
contacthr.com,1,0.0,
continuumrehabgroup.thejobnetwork.com,1,0.0,71760.0
corporate-blueriverpetcare.icims.com,1,0.0,
corporate-forever21-sparcgroup.icims.com,1,0.0,69747.5
couriernewsroom.bamboohr.com,1,0.0,
cree.wd5.myworkdayjobs.com,1,0.0,
cryoport.wd1.myworkdayjobs.com,1,0.0,
cta.cadienttalent.com,1,0.0,48880.0
cureatr.applytojob.com,1,0.0,
cvresources.thejobnetwork.com,1,0.0,
cwi.wd1.myworkdayjobs.com,1,0.0,
cypherlearning.bamboohr.com,1,0.0,
dallascounty.taleo.net,1,0.0,
deandifference.com,1,0.0,
delta.avature.net,1,0.0,
dentalcorp.wd3.myworkdayjobs.com,1,0.0,
designory.bamboohr.com,1,0.0,
devoted.wd1.myworkdayjobs.com,1,0.0,149500.0
diabetes.taleo.net,1,0.0,
directsourcepro-nov.eightfold.ai,1,0.0,
discounttire.jibeapply.com,1,0.0,
dlrgroup.clearcompany.com,1,0.0,
eaintegrator.com,1,0.0,
ebct.fa.us2.oraclecloud.com,1,0.0,
echo.wd1.myworkdayjobs.com,1,0.0,
echostar.wd5.myworkdayjobs.com,1,0.0,
ednovate.applicantpro.com,1,0.0,92000.0
efds.fa.em5.oraclecloud.com,1,0.0,
efsp.fa.us6.oraclecloud.com,1,0.0,112500.0
egay.fa.us6.oraclecloud.com,1,0.0,
egdd.fa.us6.oraclecloud.com,1,0.0,
egup.fa.us2.oraclecloud.com,1,0.0,
ejif.fa.us6.oraclecloud.com,1,0.0,192280.0
ejobs.umd.edu,1,0.0,141441.0
ejpe.fa.us6.oraclecloud.com,1,0.0,
ejst.fa.em3.oraclecloud.com,1,0.0,
ekgn.fa.us6.oraclecloud.com,1,0.0,
ekkk.fa.us6.oraclecloud.com,1,0.0,135000.0
ekkt.fa.us2.oraclecloud.com,1,0.0,77511.2
eklego.recruitpro.com,1,0.0,
elanco.wd5.myworkdayjobs.com,1,0.0,
element-ext-us.icims.com,1,0.0,56160.0
elementfleet.wd3.myworkdayjobs.com,1,0.0,
emeacareers-lumanity.icims.com,1,0.0,
emp.jobylon.com,1,0.0,140000.0
employeeworkplace.com,1,0.0,88400.0
employment.case.edu,1,0.0,
employment.unl.edu,1,0.0,
employmentopportunities.umb.edu,1,0.0,
empower.wd5.myworkdayjobs.com,1,0.0,51750.0
englishcareers-bruker.icims.com,1,0.0,
enstall.clearcompany.com,1,0.0,52520.0
enzazaden.wd3.myworkdayjobs.com,1,0.0,50720.8
eoje.fa.us2.oraclecloud.com,1,0.0,
epath.org,1,0.0,56752.8
epic.avature.net,1,0.0,
erecruitment.husky.ca,1,0.0,
erickson.wd5.myworkdayjobs.com,1,0.0,
esdecsolar.clearcompany.com,1,0.0,110000.0
ess.impellam.com,1,0.0,
essity.wd3.myworkdayjobs.com,1,0.0,
evolent.wd1.myworkdayjobs.com,1,0.0,
evopay.csod.com,1,0.0,
external-als.icims.com,1,0.0,
external-eidebailly.icims.com,1,0.0,105000.0
external-seattleymca.icims.com,1,0.0,56888.0
fa-eoic-saasfaprod1.fa.ocs.oraclecloud.com,1,0.0,
fa-epcb-saasfaprod1.fa.ocs.oraclecloud.com,1,0.0,
fa-eujk-saasfaprod1.fa.ocs.oraclecloud.com,1,0.0,
fahertybrand.com,1,0.0,
fareharbor.com,1,0.0,152600.5
fhi.wd1.myworkdayjobs.com,1,0.0,91000.0
fibrogen.wd5.myworkdayjobs.com,1,0.0,243000.0
finra.wd1.myworkdayjobs.com,1,0.0,
flatiron.com,1,0.0,110000.0
flexential.wd5.myworkdayjobs.com,1,0.0,89200.8
fluvitexusa.com,1,0.0,
foliuminc.e3applicants.com,1,0.0,
forbrightbank.applytojob.com,1,0.0,
fors-marsh-group.breezy.hr,1,0.0,195000.0
fountaincirclecare.hcshiring.com,1,0.0,
freese.wd1.myworkdayjobs.com,1,0.0,
fuchslubricantsco.thejobnetwork.com,1,0.0,
gafsgi.wd5.myworkdayjobs.com,1,0.0,
gea.wd3.myworkdayjobs.com,1,0.0,
gellerco.wd1.myworkdayjobs.com,1,0.0,110000.0
gen.wd1.myworkdayjobs.com,1,0.0,
genesiscare.wd1.myworkdayjobs.com,1,0.0,
gestamp-servicios.contactrh.com,1,0.0,
getyourguide.careers,1,0.0,128500.0
gfi.org,1,0.0,96552.98
ghc.wd1.myworkdayjobs.com,1,0.0,
gi.wd1.myworkdayjobs.com,1,0.0,57200.0
gici.wd5.myworkdayjobs.com,1,0.0,
gladstone.wd5.myworkdayjobs.com,1,0.0,
glanbia.contactrh.com,1,0.0,
glenmarkpharma.clearcompany.com,1,0.0,
globalcxaccenture.avature.net,1,0.0,
golimitless.wd1.myworkdayjobs.com,1,0.0,
graybar.wd1.myworkdayjobs.com,1,0.0,
growsciencesproximac.applytojob.com,1,0.0,72500.0
guitarcentercareers.ttcportals.com,1,0.0,
haemonetics.wd5.myworkdayjobs.com,1,0.0,
haier.wd3.myworkdayjobs.com,1,0.0,
hcjy.fa.us2.oraclecloud.com,1,0.0,168150.0
hdep.fa.us2.oraclecloud.com,1,0.0,
heaven-hill.breezy.hr,1,0.0,
hklaw.wd1.myworkdayjobs.com,1,0.0,
hornblowercityexperiences.thejobnetwork.com,1,0.0,
hornblowercityexperiencespivotcx.thejobnetwork.com,1,0.0,
host.pcrecruiter.net,1,0.0,51064.0
hover.to,1,0.0,150500.0
hr-path.contactrh.com,1,0.0,
hrlydistribution-lennox.icims.com,1,0.0,
htlf.wd1.myworkdayjobs.com,1,0.0,209984.0
huhtamaki.wd3.myworkdayjobs.com,1,0.0,
hulcherservicesinc.applytojob.com,1,0.0,
huntingtonlibrary.wd1.myworkdayjobs.com,1,0.0,
hyundai-motor-group-metap.contactrh.com,1,0.0,
ielfreight.wd1.myworkdayjobs.com,1,0.0,
ifg.wd1.myworkdayjobs.com,1,0.0,
ingevity.wd1.myworkdayjobs.com,1,0.0,
ingredion.wd1.myworkdayjobs.com,1,0.0,
inmar.wd1.myworkdayjobs.com,1,0.0,
interfor.csod.com,1,0.0,
interncareers-captrust.icims.com,1,0.0,
interstate.wd1.myworkdayjobs.com,1,0.0,
issgovernance.wd1.myworkdayjobs.com,1,0.0,
jarscannabis.isolvedhire.com,1,0.0,
jm.wd3.myworkdayjobs.com,1,0.0,
jmpdbadominospizza.thejobnetwork.com,1,0.0,
job.aurubis.com,1,0.0,
jobs-aerojet-rocketdyne.icims.com,1,0.0,
jobs-challp.icims.com,1,0.0,
jobs-getty.icims.com,1,0.0,77736.0
jobs-rainbird.icims.com,1,0.0,
jobs-sagepub.icims.com,1,0.0,50000.0
jobs-trustmark.icims.com,1,0.0,
jobs-univest.icims.com,1,0.0,
jobs.aecon.com,1,0.0,
jobs.aligntech.com,1,0.0,
jobs.armstrongceilings.com,1,0.0,115480.0
jobs.atsautomation.com,1,0.0,
jobs.barry-callebaut.com,1,0.0,
jobs.bentley.com,1,0.0,
jobs.bjc.org,1,0.0,33633.6
jobs.brighthousefinancial.com,1,0.0,
jobs.carilionclinic.org,1,0.0,
jobs.carnival.com,1,0.0,78000.0
jobs.ciber.com,1,0.0,
jobs.costuless.com,1,0.0,
jobs.deere.com,1,0.0,
jobs.delekus.com,1,0.0,
jobs.descartes.com,1,0.0,
jobs.diasorin.com,1,0.0,
jobs.entergy.com,1,0.0,
jobs.epson.com,1,0.0,79656.5
jobs.ericsson.com,1,0.0,
jobs.exelare.com,1,0.0,
jobs.exxonmobil.com,1,0.0,
jobs.falmouth.ac.uk,1,0.0,
jobs.firmenich.com,1,0.0,
jobs.forvis.com,1,0.0,
jobs.franke.com,1,0.0,
jobs.freudenberg.com,1,0.0,
jobs.gaylor.com,1,0.0,
jobs.givaudan.com,1,0.0,
jobs.harley-davidson.com,1,0.0,262500.0
jobs.hii-tsd.com,1,0.0,
jobs.hollister.com,1,0.0,
jobs.hopkinsmedicine.org,1,0.0,
jobs.jetaviation.com,1,0.0,
jobs.kellanova.com,1,0.0,
jobs.kerry.com,1,0.0,
jobs.kinross.com,1,0.0,
jobs.lacare.org,1,0.0,100445.0
jobs.lamar.edu,1,0.0,
jobs.ledcor.com,1,0.0,
jobs.lubrizol.com,1,0.0,
jobs.mercedes-benz.com,1,0.0,
jobs.myflorida.com,1,0.0,
jobs.nm.org,1,0.0,
jobs.peabodyenergy.com,1,0.0,
jobs.pnmresources.com,1,0.0,106246.5
jobs.popular.com,1,0.0,
jobs.puratos.com,1,0.0,
jobs.rexel.com,1,0.0,
jobs.shaw-trust.org.uk,1,0.0,
jobs.siemens.com,1,0.0,86450.0
jobs.sloan.com,1,0.0,
jobs.sok.ks.gov,1,0.0,53414.4
jobs.teck.com,1,0.0,
jobs.teradyne.com,1,0.0,
jobs.trcstaffing.com,1,0.0,
jobs.trustaffingpartners.com,1,0.0,
jobs.uiw.edu,1,0.0,
jobs.unicef.org,1,0.0,
jobs.uniper.energy,1,0.0,
jobs.unisys.com,1,0.0,
jobs.unops.org,1,0.0,
jobs.us.pwc.com,1,0.0,
jobs.voith.com,1,0.0,
jobsatmymichiganhealth.hctsportals.com,1,0.0,
jobsearch.createyourowncareer.com,1,0.0,
jobsearch.sherwin.com,1,0.0,
johndeere.eightfold.ai,1,0.0,
join.com,1,0.0,
jsrglobal.wd1.myworkdayjobs.com,1,0.0,120000.0
kansascity.wd1.myworkdayjobs.com,1,0.0,
katy.tedk12.com,1,0.0,
kent.tedk12.com,1,0.0,
kla.wd1.myworkdayjobs.com,1,0.0,64417.6
kmkp.wd1.myworkdayjobs.com,1,0.0,
ksbe.wd1.myworkdayjobs.com,1,0.0,
kumc.wd5.myworkdayjobs.com,1,0.0,
kypersonnelcabinet.csod.com,1,0.0,
landsouth-construction.rippling-ats.com,1,0.0,120000.0
lattice.com,1,0.0,130375.0
lendingclub.wd1.myworkdayjobs.com,1,0.0,220000.0
libertyglobal.wd3.myworkdayjobs.com,1,0.0,
lifeworks.wd3.myworkdayjobs.com,1,0.0,
liquiddeath.com,1,0.0,65000.0
listings.jobs.gmu.edu,1,0.0,
live.solique.ch,1,0.0,
liveramp.wd5.myworkdayjobs.com,1,0.0,
lmcu.wd5.myworkdayjobs.com,1,0.0,
lnw.wd5.myworkdayjobs.com,1,0.0,
loa.avature.net,1,0.0,
lookingglass.applicantpool.com,1,0.0,80007.2
lsistaffing.thejobnetwork.com,1,0.0,40560.0
ltcrevolution.hcshiring.com,1,0.0,
lytx.wd1.myworkdayjobs.com,1,0.0,175500.0
macrofab.applytojob.com,1,0.0,
main-princeton.icims.com,1,0.0,
managed-hotelandcasino-hardrock.icims.com,1,0.0,
manh.wd5.myworkdayjobs.com,1,0.0,
marthastable.bamboohr.com,1,0.0,
marywashingtonhealthcare.wd5.myworkdayjobs.com,1,0.0,
mascmedical.zohorecruit.com,1,0.0,
matthey.wd3.myworkdayjobs.com,1,0.0,
medimpact.wd5.myworkdayjobs.com,1,0.0,
meissner.clearcompany.com,1,0.0,74450.0
meredith.wd5.myworkdayjobs.com,1,0.0,114000.0
merit.wd1.myworkdayjobs.com,1,0.0,
mfstalent.zohorecruit.com,1,0.0,
mhs.wd1.myworkdayjobs.com,1,0.0,
millerknoll.wd1.myworkdayjobs.com,1,0.0,
missionstaff.com,1,0.0,
mizuho.wd1.myworkdayjobs.com,1,0.0,112500.0
mksinst.wd1.myworkdayjobs.com,1,0.0,
modivcare.wd1.myworkdayjobs.com,1,0.0,52884.0
monday.com,1,0.0,210000.0
montagehealth.wd5.myworkdayjobs.com,1,0.0,
monumentchemical.applicantpool.com,1,0.0,
mountauburncemetery.applytojob.com,1,0.0,
movableink.com,1,0.0,165000.0
muellerwaterproducts.wd5.myworkdayjobs.com,1,0.0,
mvm.karrierportal.hu,1,0.0,
mycompas.net,1,0.0,
mydpr.wd5.myworkdayjobs.com,1,0.0,
myrayonieram.wd5.myworkdayjobs.com,1,0.0,
myview.wd3.myworkdayjobs.com,1,0.0,
nacareers-cabot.icims.com,1,0.0,
nantmedia.wd5.myworkdayjobs.com,1,0.0,101691.0
nationsbenefits.breezy.hr,1,0.0,
nbrothersautomotive.thejobnetwork.com,1,0.0,
newrelic.careers,1,0.0,152000.0
nlivingcommunities.thejobnetwork.com,1,0.0,
nolimitpizzadbadominos.thejobnetwork.com,1,0.0,
norfolkpublicschools.tedk12.com,1,0.0,
nrpgroup.wd1.myworkdayjobs.com,1,0.0,
nrucfc.csod.com,1,0.0,
nttdata.eightfold.ai,1,0.0,
nursecoremanagementservicesllc.thejobnetwork.com,1,0.0,
nutanix.eightfold.ai,1,0.0,384900.0
nyuhs.wd1.myworkdayjobs.com,1,0.0,
ohws.prospective.ch,1,0.0,
onecallcm.jobs.net,1,0.0,44553.6
ontic.wd3.myworkdayjobs.com,1,0.0,
opco.clearcompany.com,1,0.0,50000.0
opportunities.columbia.edu,1,0.0,122500.0
oregon.wd5.myworkdayjobs.com,1,0.0,
orionadvisor.wd1.myworkdayjobs.com,1,0.0,43503.2
orix.wd5.myworkdayjobs.com,1,0.0,
orthofix.wd1.myworkdayjobs.com,1,0.0,
otakinc.clearcompany.com,1,0.0,152500.0
ouc.csod.com,1,0.0,85600.56
overlakemedicalcenter.wd5.myworkdayjobs.com,1,0.0,58229.6
pacificseafood.applytojob.com,1,0.0,
partnerhero.applytojob.com,1,0.0,
path.wd1.myworkdayjobs.com,1,0.0,51281.0
pattern.wd1.myworkdayjobs.com,1,0.0,
paulweiss.taleo.net,1,0.0,117500.0
pentair.wd5.myworkdayjobs.com,1,0.0,42640.0
perth.bigredsky.com,1,0.0,
pharmaron.isolvedhire.com,1,0.0,
pillsburylaw.wd5.myworkdayjobs.com,1,0.0,
pinterest.contacthr.com,1,0.0,
pmiworldwide.bamboohr.com,1,0.0,
pocus.com,1,0.0,
priorityoneinc.wd1.myworkdayjobs.com,1,0.0,
progyny.wd5.myworkdayjobs.com,1,0.0,150000.0
ptcbio.wd5.myworkdayjobs.com,1,0.0,
publicmedia.wd1.myworkdayjobs.com,1,0.0,
pxd.wd1.myworkdayjobs.com,1,0.0,
q2ebanking.wd5.myworkdayjobs.com,1,0.0,
qsccareers-qsc.icims.com,1,0.0,189500.0
qualys.wd5.myworkdayjobs.com,1,0.0,
questgroupsearch.my.salesforce-sites.com,1,0.0,
rabobank.jobs,1,0.0,157195.5
radiosystemscorporation.wd5.myworkdayjobs.com,1,0.0,
ramclean.com,1,0.0,46000.0
razer.wd3.myworkdayjobs.com,1,0.0,
rbauction.taleo.net,1,0.0,
rbp.workbrightats.com,1,0.0,
recruiting.ultipro.ca,1,0.0,
rednucleus.bamboohr.com,1,0.0,
redpathmining.talcura.com,1,0.0,
redskyconsulting.co,1,0.0,
remitly.wd5.myworkdayjobs.com,1,0.0,171878.5
resilience.wd1.myworkdayjobs.com,1,0.0,160000.0
retail-nautica-sparcgroup.icims.com,1,0.0,
retailcanada-eddiebauer-sparcgroup.icims.com,1,0.0,
rmhsccn.e3applicants.com,1,0.0,
roberthalf.wd1.myworkdayjobs.com,1,0.0,135230.0
rocket.wd5.myworkdayjobs.com,1,0.0,89580.46
rockymountain.wd1.myworkdayjobs.com,1,0.0,78000.0
russelltobin.com,1,0.0,
sallie-mae.wd5.myworkdayjobs.com,1,0.0,
samash.hrmdirect.com,1,0.0,40000.0
santegroup.clearcompany.com,1,0.0,54080.0
sasser.hrmdirect.com,1,0.0,
sbhfashion.com,1,0.0,80000.0
scb.taleo.net,1,0.0,161200.0
scholastic.wd5.myworkdayjobs.com,1,0.0,132500.0
schott-ag.contactrh.com,1,0.0,
scj.wd5.myworkdayjobs.com,1,0.0,172000.0
scottsmiraclegro.wd5.myworkdayjobs.com,1,0.0,69950.0
seagatecareers.com,1,0.0,82132.8
search10.smartsearchonline.com,1,0.0,130000.0
secure.dc2.pageuppeople.com,1,0.0,
securitycareerscanada-aus.icims.com,1,0.0,
sehinc.clearcompany.com,1,0.0,105000.0
selfopportunityincpandoboost.thejobnetwork.com,1,0.0,55000.0
sendbird.com,1,0.0,
sentryinsurance.wd1.myworkdayjobs.com,1,0.0,
sevansolutions.clearcompany.com,1,0.0,
sforce.co,1,0.0,
shcatheritagehall.hcshiring.com,1,0.0,
shcofchapelhill.hcshiring.com,1,0.0,
shcofcoshocton.hcshiring.com,1,0.0,
shcofhartcounty.hcshiring.com,1,0.0,
shcofroanokerapids.hcshiring.com,1,0.0,
shcofsavannah.hcshiring.com,1,0.0,
shcofsouthlouisville.hcshiring.com,1,0.0,
simon.wd1.myworkdayjobs.com,1,0.0,33280.0
smeinc.applicantpro.com,1,0.0,
smlawrencecoinc.ourcareerpages.com,1,0.0,
snhu.wd5.myworkdayjobs.com,1,0.0,
solvenergy.wd1.myworkdayjobs.com,1,0.0,114400.0
sonyglobal.wd1.myworkdayjobs.com,1,0.0,170000.0
southern-botanical.hiringthing.com,1,0.0,
spacedynamicslaboratory.applytojob.com,1,0.0,
speedway.wd1.myworkdayjobs.com,1,0.0,
sportsmedpt.applytojob.com,1,0.0,92500.0
sprinklr.wd1.myworkdayjobs.com,1,0.0,133000.0
standard.wd1.myworkdayjobs.com,1,0.0,
stevens.wd5.myworkdayjobs.com,1,0.0,
sun-pharmaceutical-industries-ltd.contactrh.com,1,0.0,
surescripts.wd1.myworkdayjobs.com,1,0.0,176306.5
talentmexico.vasscompany.com,1,0.0,
talkingrain.wd1.myworkdayjobs.com,1,0.0,
tbkbank.wd1.myworkdayjobs.com,1,0.0,
technician-titanmachinery.icims.com,1,0.0,
techtarget.clearcompany.com,1,0.0,
teladochealth.eightfold.ai,1,0.0,44720.0
tfc-openhire.silkroad.com,1,0.0,
thebreakers.hrmdirect.com,1,0.0,
thekey.wd1.myworkdayjobs.com,1,0.0,
themortonway.com,1,0.0,
thinkcerca.applytojob.com,1,0.0,
thompsoncoburnselfapply.viglobalcloud.com,1,0.0,
tilsontech.wd1.myworkdayjobs.com,1,0.0,
toppanmerrill.wd5.myworkdayjobs.com,1,0.0,
tower-semiconductors-ltd.contactrh.com,1,0.0,
travelers.wd5.myworkdayjobs.com,1,0.0,139250.0
travelersindex.contacthr.com,1,0.0,165350.0
travelhrportal.wd1.myworkdayjobs.com,1,0.0,
treehouse.wd1.myworkdayjobs.com,1,0.0,46207.2
trekbikes.wd1.myworkdayjobs.com,1,0.0,
trevipay.bamboohr.com,1,0.0,
tricon.wd3.myworkdayjobs.com,1,0.0,
trustvip.clearcompany.com,1,0.0,165000.0
tsff.applytojob.com,1,0.0,
tstc.wd1.myworkdayjobs.com,1,0.0,
tsvh.hrmdirect.com,1,0.0,
tsys.wd1.myworkdayjobs.com,1,0.0,
ttec.taleo.net,1,0.0,
tucows.com,1,0.0,127000.0
tuftshealthplan.wd5.myworkdayjobs.com,1,0.0,
uchirestaurants.hire.trakstar.com,1,0.0,
uis.csod.com,1,0.0,
umb.wd1.myworkdayjobs.com,1,0.0,63210.0
umusic.wd5.myworkdayjobs.com,1,0.0,
underdog.io,1,0.0,200000.0
unoslearn.csod.com,1,0.0,
up.jobs,1,0.0,
uponor.wd3.myworkdayjobs.com,1,0.0,
urencousa-jobs.dzconnex.com,1,0.0,134484.5
us-careers-communitybrands.icims.com,1,0.0,
us-careers.crown.com,1,0.0,
uscareers-holcim-us.icims.com,1,0.0,
uscareers-sunriseseniorliving.icims.com,1,0.0,
uthscsa.referrals.selectminds.com,1,0.0,
valley-veterinary-clinic.hiringthing.com,1,0.0,
velaw.taleo.net,1,0.0,
velocityglobal.com,1,0.0,167400.0
velux.wd3.myworkdayjobs.com,1,0.0,39655.2
vermontvisitingnurses.isolvedhire.com,1,0.0,
vertexeducation.wd1.myworkdayjobs.com,1,0.0,
veryableops.rippling-ats.com,1,0.0,
vhr-epri.wd1.myworkdayjobs.com,1,0.0,
vhr-pbs.wd5.myworkdayjobs.com,1,0.0,
vhr-ringcontainer.wd1.myworkdayjobs.com,1,0.0,
vistra-corporate-services-sea-pte-ltd.contactrh.com,1,0.0,116550.0
vitalfarms.com,1,0.0,
volunteers-of-america-chesapeake-inc.jobs.net,1,0.0,
vulcanmat.taleo.net,1,0.0,
vystarcu.wd1.myworkdayjobs.com,1,0.0,
walkersands.com,1,0.0,
walterenterprisesdbadominos.thejobnetwork.com,1,0.0,34060.0
wasatchproperty.wd1.myworkdayjobs.com,1,0.0,65000.0
wchnprod-lm01.cloud.infor.com,1,0.0,350000.0
werkberry.thejobnetwork.com,1,0.0,95000.0
wespath.csod.com,1,0.0,
williamblair.avature.net,1,0.0,
williamsleagroupltd.thejobnetwork.com,1,0.0,
wm.wd5.myworkdayjobs.com,1,0.0,141000.0
wmeimg.wd1.myworkdayjobs.com,1,0.0,
woodplc-usexternal.icims.com,1,0.0,
woodsidehealthandwellness.zohorecruit.com,1,0.0,160000.0
woodward.taleo.net,1,0.0,
workforcenow.cloud.adp.com,1,0.0,
worldmarket.wd5.myworkdayjobs.com,1,0.0,
wr-grace-co.contactrh.com,1,0.0,
www.22squared.com,1,0.0,
www.acadia-pharm.com,1,0.0,
www.adecco.com.tw,1,0.0,
www.advantis.dev,1,0.0,
www.akqa.com,1,0.0,
www.alexandertg.com,1,0.0,100000.0
www.americanpropertymgmt.com,1,0.0,
www.aplin.com,1,0.0,
www.appleone.com,1,0.0,
www.arnoldporter.com,1,0.0,
www.asana.com,1,0.0,316000.0
www.bill.com,1,0.0,184050.0
www.blackdiamondnet.com,1,0.0,
www.bluetritoncareers.com,1,0.0,137242.05
www.boardmatch.ie,1,0.0,
www.brooklynnavyyard.org,1,0.0,
www.capitalsearch.com,1,0.0,
www.classy.org,1,0.0,184500.0
www.cowi.com,1,0.0,170000.0
www.crowholdings.com,1,0.0,
www.deepwatch.com,1,0.0,200000.0
www.envisionphysicianservices.com,1,0.0,
www.finnpartners.com,1,0.0,
www.fireblocks.com,1,0.0,72000.0
www.fivetran.com,1,0.0,279000.0
www.forwardfinancing.com,1,0.0,
www.gi-de.com,1,0.0,
www.guidepoint.com,1,0.0,
www.guild.com,1,0.0,138750.0
www.heitmeyerconsulting.com,1,0.0,
www.hibob.com,1,0.0,100000.0
www.hirecruiting.com,1,0.0,57200.0
www.hirenexus.com,1,0.0,
www.horizontaltalent.com,1,0.0,
www.housecallpro.com,1,0.0,57054.4
www.hrapply.com,1,0.0,
www.iconbuild.com,1,0.0,
www.ihireaccounting.com,1,0.0,67600.0
www.ihiredental.com,1,0.0,
www.indexexchange.com,1,0.0,71500.0
www.jamf.com,1,0.0,
www.jobsintown.de,1,0.0,
www.kaseya.com,1,0.0,
www.kbwfinancial.com,1,0.0,
www.keplergrp.com,1,0.0,
www.kimballmidwest.com,1,0.0,
www.knft.com,1,0.0,
www.libertyjobs.com,1,0.0,
www.lonza.com,1,0.0,
www.milwaukeejobs.com,1,0.0,
www.momentumww.com,1,0.0,
www.morganstanley.com,1,0.0,
www.mvpind.com,1,0.0,
www.ownbackup.com,1,0.0,
www.pegstaff.com,1,0.0,
www.phi.org,1,0.0,67793.0
www.practicematch.com,1,0.0,
www.related.jobs,1,0.0,52500.0
www.riskified.com,1,0.0,90000.0
www.robertwalters.us,1,0.0,
www.sandboxaq.com,1,0.0,
www.sgh.com,1,0.0,
www.shift-technology.com,1,0.0,165000.0
www.shopify.com,1,0.0,
www.signifytechnology.com,1,0.0,
www.sixt.jobs,1,0.0,
www.smartrecruiters.com,1,0.0,
www.southwoodshealth.com,1,0.0,
www.spins.com,1,0.0,
www.squarespace.com,1,0.0,155000.0
www.tempositions.com,1,0.0,
www.tential.com,1,0.0,
www.theapplicantmanager.com,1,0.0,
www.thoughtspot.com,1,0.0,
www.topschooljobs.org,1,0.0,
www.tracelink.com,1,0.0,
www.trmlabs.com,1,0.0,
www.tropicalsmoothiecafe.com,1,0.0,
www.turnberrysolutions.com,1,0.0,67500.0
www.twochairs.com,1,0.0,101250.0
www.unmhjobs.com,1,0.0,
www.vetrecordjobs.com,1,0.0,
www.virtusa.com,1,0.0,
www.worldwide-rs.com,1,0.0,
www.yelp.careers,1,0.0,61500.0
www.zocdoc.com,1,0.0,142500.0
wyndham-hotel-group.contactrh.com,1,0.0,
xerox.avature.net,1,0.0,
xl.taleo.net,1,0.0,76000.0
xpologistics.thejobnetwork.com,1,0.0,47268.0
youngliving.wd5.myworkdayjobs.com,1,0.0,
zahr-prd-candidate-ada.utshare.utsystem.edu,1,0.0,
zillow.wd5.myworkdayjobs.com,1,0.0,61360.0
